id,index,period,timestamp,minute,second,type,possession,possession_team,play_pattern,team,player,position,location,duration,under_pressure,related_events,50_50,match_id,possession_team_id,team_id,player_id,counterpress,out
f636c6a8-47e0-4a71-a610-9414309cf3ad,800,1,00:25:05.276,25,5,50/50,31,Netherlands,Regular Play,England,Phil Foden,Right Attacking Midfield,"[91.0, 23.3]",0.0,True,['ee268886-ad31-4618-a20a-58af57bf2503'],"{'outcome': {'id': 1, 'name': 'Lost'}}",3942819,941,768,4354,,
ee268886-ad31-4618-a20a-58af57bf2503,801,1,00:25:05.276,25,5,50/50,31,Netherlands,Regular Play,Netherlands,Stefan de Vrij,Right Center Back,"[29.1, 56.8]",0.0,True,['f636c6a8-47e0-4a71-a610-9414309cf3ad'],"{'outcome': {'id': 3, 'name': 'Success To Team'}}",3942819,941,941,7787,,
ac9108a6-66ac-4b73-b6f1-63f75dce81ad,1378,1,00:37:24.345,37,24,50/50,60,Spain,Regular Play,England,Jude Bellingham,Left Wing,"[36.8, 11.8]",0.0,True,['0f4ebf85-63f0-4271-b243-5f6dc9a1026c'],"{'outcome': {'id': 1, 'name': 'Lost'}}",3943043,772,768,30714,,
0f4ebf85-63f0-4271-b243-5f6dc9a1026c,1379,1,00:37:24.345,37,24,50/50,60,Spain,Regular Play,Spain,Robin Aime Robert Le Normand,Right Center Back,"[83.3, 68.3]",1.371682,True,['ac9108a6-66ac-4b73-b6f1-63f75dce81ad'],"{'outcome': {'id': 3, 'name': 'Success To Team'}}",3943043,772,772,22128,,
c4485707-6ff2-41ee-a3f9-542717bd56b4,2982,2,00:35:55.487,80,55,50/50,127,Spain,Regular Play,Spain,Fabián Ruiz Peña,Left Defensive Midfield,"[76.4, 61.3]",0.0,True,['41a148cd-bb9e-4413-a302-e914089c7fdd'],"{'outcome': {'id': 1, 'name': 'Lost'}}",3943043,772,772,6655,,
41a148cd-bb9e-4413-a302-e914089c7fdd,2983,2,00:35:55.487,80,55,50/50,127,Spain,Regular Play,England,Phil Foden,Left Wing,"[43.7, 18.8]",0.0,True,['c4485707-6ff2-41ee-a3f9-542717bd56b4'],"{'outcome': {'id': 3, 'name': 'Success To Team'}}",3943043,772,768,4354,,
56c49847-36bf-45fe-a415-5bcccf8075f7,1197,1,00:34:20.718,34,20,50/50,51,Spain,From Throw In,France,N'Golo Kanté,Right Center Midfield,"[95.9, 19.1]",0.0,True,"['4101fa8f-620d-48e8-adf8-f2cb6a651e6e', '7b77ab93-e536-454d-8d3d-30739665f08d']","{'outcome': {'id': 1, 'name': 'Lost'}}",3942752,772,771,3961,,
7b77ab93-e536-454d-8d3d-30739665f08d,1198,1,00:34:20.718,34,20,50/50,51,Spain,From Throw In,Spain,Rodrigo Hernández Cascante,Right Defensive Midfield,"[24.2, 61.0]",0.0,True,['56c49847-36bf-45fe-a415-5bcccf8075f7'],"{'outcome': {'id': 4, 'name': 'Won'}}",3942752,772,772,6765,True,
97dead79-700c-4e38-8f72-8edb1ef68975,1990,2,00:10:31.555,55,31,50/50,91,France,Regular Play,France,Randal Kolo Muani,Center Forward,"[90.8, 27.7]",0.0,True,['3d5282a0-476a-4203-9bf3-a221623379bd'],"{'outcome': {'id': 1, 'name': 'Lost'}}",3942752,771,771,22097,,
3d5282a0-476a-4203-9bf3-a221623379bd,1991,2,00:10:31.555,55,31,50/50,91,France,Regular Play,Spain,Fabián Ruiz Peña,Left Defensive Midfield,"[29.3, 52.4]",0.0,True,['97dead79-700c-4e38-8f72-8edb1ef68975'],"{'outcome': {'id': 3, 'name': 'Success To Team'}}",3942752,771,772,6655,,
244ce576-81bb-4afa-ac3b-dca928385f44,443,1,00:08:59.427,8,59,50/50,15,Turkey,From Throw In,Turkey,Kenan Yildiz,Left Wing,"[49.2, 36.7]",0.0,True,['ca9cfc19-55d1-4a54-b0a1-8a3effd41fa9'],"{'outcome': {'id': 2, 'name': 'Success To Opposition'}}",3942382,909,909,151813,,
ca9cfc19-55d1-4a54-b0a1-8a3effd41fa9,444,1,00:08:59.427,8,59,50/50,15,Turkey,From Throw In,Netherlands,Jerdy Schouten,Right Defensive Midfield,"[70.9, 43.4]",0.0,True,['244ce576-81bb-4afa-ac3b-dca928385f44'],"{'outcome': {'id': 1, 'name': 'Lost'}}",3942382,909,941,15503,,
6cf72a8b-dcdc-4e04-9937-1170199fdd85,475,1,00:09:29.189,9,29,50/50,16,Netherlands,Regular Play,Turkey,Mert Müldür,Right Wing Back,"[17.7, 51.6]",0.0,True,['efffa718-0d90-4783-8fd2-bc9cd8366e09'],"{'outcome': {'id': 1, 'name': 'Lost'}}",3942382,941,909,10826,,
efffa718-0d90-4783-8fd2-bc9cd8366e09,476,1,00:09:29.189,9,29,50/50,16,Netherlands,Regular Play,Netherlands,Cody Mathès Gakpo,Left Wing,"[102.4, 28.5]",0.0,True,['6cf72a8b-dcdc-4e04-9937-1170199fdd85'],"{'outcome': {'id': 3, 'name': 'Success To Team'}}",3942382,941,941,20750,,
92621aa0-7b78-4af4-8f0b-f2c02f4634c2,1276,1,00:31:45.704,31,45,50/50,40,Netherlands,From Throw In,Turkey,Barış Alper Yılmaz,Center Forward,"[104.9, 67.9]",0.0,True,['8f45314c-d1c6-4838-a4bb-cc2b79942185'],"{'outcome': {'id': 2, 'name': 'Success To Opposition'}}",3942382,941,909,134209,,
8f45314c-d1c6-4838-a4bb-cc2b79942185,1277,1,00:31:45.704,31,45,50/50,40,Netherlands,From Throw In,Netherlands,Cody Mathès Gakpo,Left Wing,"[15.2, 12.2]",0.0,True,['92621aa0-7b78-4af4-8f0b-f2c02f4634c2'],"{'outcome': {'id': 1, 'name': 'Lost'}}",3942382,941,941,20750,True,
f4cad415-fa64-4971-ad18-278c31fcd7b2,2230,2,00:11:34.755,56,34,50/50,82,Turkey,From Goal Kick,Turkey,Salih Özcan,Right Defensive Midfield,"[47.5, 60.5]",0.0,True,['3ef888ae-e6ec-463b-9343-a0f94e133120'],"{'outcome': {'id': 2, 'name': 'Success To Opposition'}}",3942382,909,909,9085,,
3ef888ae-e6ec-463b-9343-a0f94e133120,2231,2,00:11:34.755,56,34,50/50,82,Turkey,From Goal Kick,Netherlands,Jerdy Schouten,Right Defensive Midfield,"[72.6, 19.6]",0.0,True,['f4cad415-fa64-4971-ad18-278c31fcd7b2'],"{'outcome': {'id': 1, 'name': 'Lost'}}",3942382,909,941,15503,,
3d762f46-da9a-43d2-b509-5d3d7938dd78,2967,2,00:33:15.583,78,15,50/50,105,Netherlands,Regular Play,Netherlands,Micky van de Ven,Left Back,"[84.8, 9.5]",0.0,True,['be038c13-c188-41bd-8380-3bdf9e7bc1b5'],"{'outcome': {'id': 2, 'name': 'Success To Opposition'}}",3942382,941,941,32547,,
be038c13-c188-41bd-8380-3bdf9e7bc1b5,2968,2,00:33:15.583,78,15,50/50,105,Netherlands,Regular Play,Turkey,Mert Müldür,Right Wing Back,"[35.3, 70.6]",0.0,True,"['3d762f46-da9a-43d2-b509-5d3d7938dd78', '587a588a-b329-4965-bc4b-3cb4de1023b9']","{'outcome': {'id': 1, 'name': 'Lost'}}",3942382,941,909,10826,,
09c8d3a1-4e02-4cd4-80ff-ed68fb338cfb,3325,2,00:46:28.861,91,28,50/50,121,Turkey,From Corner,Turkey,Ferdi Erenay Kadıoğlu,Left Back,"[68.1, 49.8]",0.030432,True,['24a3a6da-2ffe-4f13-91f1-ad4e2a5d4e27'],"{'outcome': {'id': 2, 'name': 'Success To Opposition'}}",3942382,909,909,30438,True,
24a3a6da-2ffe-4f13-91f1-ad4e2a5d4e27,3326,2,00:46:28.861,91,28,50/50,121,Turkey,From Corner,Netherlands,Micky van de Ven,Left Back,"[53.3, 31.1]",0.0,True,['09c8d3a1-4e02-4cd4-80ff-ed68fb338cfb'],"{'outcome': {'id': 1, 'name': 'Lost'}}",3942382,909,941,32547,,
3f933a58-e91f-4edb-bbc6-03471e43d58c,101,1,00:01:29.558,1,29,50/50,2,France,From Kick Off,Portugal,Nuno Mendes,Left Back,"[5.8, 4.8]",0.0,True,['e44c4b0a-3ff3-4012-809e-a2f0bc2afad4'],"{'outcome': {'id': 1, 'name': 'Lost'}}",3942349,771,780,41092,,
e44c4b0a-3ff3-4012-809e-a2f0bc2afad4,102,1,00:01:29.558,1,29,50/50,2,France,From Kick Off,France,Jules Koundé,Right Back,"[114.3, 75.3]",0.0,True,['3f933a58-e91f-4edb-bbc6-03471e43d58c'],"{'outcome': {'id': 3, 'name': 'Success To Team'}}",3942349,771,771,4445,True,
db8fad18-d8d0-416d-96f1-1678dbba7659,3683,2,00:43:09.878,88,9,50/50,123,Portugal,From Keeper,Portugal,Vitor Machado Ferreira,Left Defensive Midfield,"[89.7, 49.4]",0.0,True,['f3eca3f0-ef46-451a-94b3-4207d61b5f5e'],"{'outcome': {'id': 2, 'name': 'Success To Opposition'}}",3942349,780,780,34639,True,
f3eca3f0-ef46-451a-94b3-4207d61b5f5e,3684,2,00:43:09.878,88,9,50/50,123,Portugal,From Keeper,France,N'Golo Kanté,Right Center Midfield,"[30.4, 30.7]",0.0,True,['db8fad18-d8d0-416d-96f1-1678dbba7659'],"{'outcome': {'id': 1, 'name': 'Lost'}}",3942349,780,771,3961,,
52908561-4f14-4d5c-acec-6310005445f3,1884,2,00:04:35.604,49,35,50/50,86,Netherlands,From Throw In,Austria,Alexander Prass,Left Back,"[36.3, 4.0]",0.0,True,"['6f4beef8-2690-4b47-9a7f-9adbf79f830e', 'd9a87fe2-2818-4c82-b1c2-ea2c2af26c67']","{'outcome': {'id': 1, 'name': 'Lost'}}",3930180,941,915,39545,,
6f4beef8-2690-4b47-9a7f-9adbf79f830e,1885,2,00:04:35.604,49,35,50/50,86,Netherlands,From Throw In,Netherlands,Lutsharel Geertruida,Right Back,"[83.8, 76.1]",0.0,True,['52908561-4f14-4d5c-acec-6310005445f3'],"{'outcome': {'id': 4, 'name': 'Won'}}",3930180,941,941,22352,,
d1d8bda2-fa17-48e5-9061-37ed400fccac,1931,2,00:05:40.045,50,40,50/50,87,Austria,From Goal Kick,Netherlands,Donyell Malen,Right Wing,"[64.5, 67.7]",0.0,True,['ec91aaec-3996-4d08-8a21-2fc55c2be2d6'],"{'outcome': {'id': 1, 'name': 'Lost'}}",3930180,915,941,15582,,
ec91aaec-3996-4d08-8a21-2fc55c2be2d6,1932,2,00:05:40.045,50,40,50/50,87,Austria,From Goal Kick,Austria,Patrick Wimmer,Left Wing,"[55.6, 12.4]",0.0,True,['d1d8bda2-fa17-48e5-9061-37ed400fccac'],"{'outcome': {'id': 2, 'name': 'Success To Opposition'}}",3930180,915,915,33297,,
c43da136-4a00-4351-b7f5-1af3ad546966,2026,2,00:07:42.762,52,42,50/50,93,Netherlands,From Throw In,Netherlands,Cody Mathès Gakpo,Left Wing,"[118.4, 22.7]",0.0,True,['359ab365-9e27-43cc-b7ee-d2dc6c336e83'],"{'outcome': {'id': 1, 'name': 'Lost'}}",3930180,941,941,20750,,
359ab365-9e27-43cc-b7ee-d2dc6c336e83,2027,2,00:07:42.762,52,42,50/50,93,Netherlands,From Throw In,Austria,Nicolas Seiwald,Right Defensive Midfield,"[1.7, 57.4]",0.0,True,['c43da136-4a00-4351-b7f5-1af3ad546966'],"{'outcome': {'id': 2, 'name': 'Success To Opposition'}}",3930180,941,915,39460,,True
12513168-bdc4-4a75-abe7-e444f985a107,2917,2,00:42:46.416,87,46,50/50,151,Netherlands,Regular Play,Netherlands,Georginio Wijnaldum,Left Defensive Midfield,"[89.4, 11.9]",0.0,True,['b8e32a13-47bf-44d8-a9da-eae9e6fee4a2'],"{'outcome': {'id': 1, 'name': 'Lost'}}",3930180,941,941,3567,,
b8e32a13-47bf-44d8-a9da-eae9e6fee4a2,2918,2,00:42:46.416,87,46,50/50,151,Netherlands,Regular Play,Austria,Nicolas Seiwald,Right Defensive Midfield,"[30.7, 68.2]",0.0,True,['12513168-bdc4-4a75-abe7-e444f985a107'],"{'outcome': {'id': 3, 'name': 'Success To Team'}}",3930180,941,915,39460,,
9ee80e3c-206c-4c96-9649-2afc92fbc763,778,1,00:16:08.166,16,8,50/50,26,England,Regular Play,Denmark,Morten Hjulmand,Right Defensive Midfield,"[19.5, 34.4]",0.364084,True,['1f77c341-9492-4932-94ca-f1e198d0cb2e'],"{'outcome': {'id': 1, 'name': 'Lost'}}",3930171,768,776,8621,True,
1f77c341-9492-4932-94ca-f1e198d0cb2e,779,1,00:16:08.166,16,8,50/50,26,England,Regular Play,England,Declan Rice,Left Defensive Midfield,"[100.6, 45.7]",0.0,True,['9ee80e3c-206c-4c96-9649-2afc92fbc763'],"{'outcome': {'id': 3, 'name': 'Success To Team'}}",3930171,768,768,3943,,
0c42d2c8-0204-460e-b06b-08755d8a8a29,986,1,00:20:56.805,20,56,50/50,27,Denmark,From Kick Off,England,Declan Rice,Left Defensive Midfield,"[26.9, 20.9]",0.0,True,['4f2e4629-9a52-49b9-946f-63cc4ac766df'],"{'outcome': {'id': 1, 'name': 'Lost'}}",3930171,776,768,3943,,
4f2e4629-9a52-49b9-946f-63cc4ac766df,987,1,00:20:56.805,20,56,50/50,27,Denmark,From Kick Off,Denmark,Pierre-Emile Højbjerg,Left Defensive Midfield,"[93.2, 59.2]",0.0,True,['0c42d2c8-0204-460e-b06b-08755d8a8a29'],"{'outcome': {'id': 3, 'name': 'Success To Team'}}",3930171,776,776,3570,,
732b8d2a-b994-4901-a239-ed7083158857,2846,2,00:17:59.565,62,59,50/50,90,England,Regular Play,England,Declan Rice,Left Defensive Midfield,"[28.6, 39.0]",0.0,True,"['94f56d43-7424-4440-b8aa-3e121805688f', 'bbafbda3-67f9-4afa-981a-0d3223b2ad4a']","{'outcome': {'id': 1, 'name': 'Lost'}}",3930171,768,768,3943,,
94f56d43-7424-4440-b8aa-3e121805688f,2847,2,00:17:59.565,62,59,50/50,90,England,Regular Play,Denmark,Rasmus Winther Højlund,Center Forward,"[91.5, 41.1]",0.0,True,['732b8d2a-b994-4901-a239-ed7083158857'],"{'outcome': {'id': 3, 'name': 'Success To Team'}}",3930171,768,776,51672,,
90e55607-8d0a-4ed8-9793-be2e81b87897,96,1,00:02:01.407,2,1,50/50,6,Switzerland,Regular Play,England,Bukayo Saka,Right Wing Back,"[51.1, 52.7]",0.0,True,['12b5e585-8cb8-4623-a66b-ad2b7b3a0411'],"{'outcome': {'id': 2, 'name': 'Success To Opposition'}}",3942227,773,768,22084,,
12b5e585-8cb8-4623-a66b-ad2b7b3a0411,97,1,00:02:01.407,2,1,50/50,6,Switzerland,Regular Play,Switzerland,Breel-Donald Embolo,Center Forward,"[69.0, 27.4]",0.0,True,['90e55607-8d0a-4ed8-9793-be2e81b87897'],"{'outcome': {'id': 1, 'name': 'Lost'}}",3942227,773,773,5545,,
835e5d50-cde8-4151-8db8-ed2b2bdfe841,1146,1,00:26:15.473,26,15,50/50,38,England,From Free Kick,England,Kieran Trippier,Left Wing Back,"[43.2, 2.4]",0.0,True,['10352e34-bb8f-4c9b-8c47-af2dd7f284a9'],"{'outcome': {'id': 1, 'name': 'Lost'}}",3942227,768,768,3308,,
10352e34-bb8f-4c9b-8c47-af2dd7f284a9,1147,1,00:26:15.473,26,15,50/50,38,England,From Free Kick,Switzerland,Remo Freuler,Right Defensive Midfield,"[76.9, 77.7]",0.0,True,['835e5d50-cde8-4151-8db8-ed2b2bdfe841'],"{'outcome': {'id': 2, 'name': 'Success To Opposition'}}",3942227,768,773,6983,,
0dd23145-1327-42cc-9132-b06d7d252657,2725,2,00:20:28.895,65,28,50/50,94,Switzerland,From Goal Kick,England,Ezri Konsa Ngoyo,Left Center Back,"[27.9, 24.3]",0.0,True,['455ee2a0-99d7-4baf-91f4-f1a9c7da2b98'],"{'outcome': {'id': 2, 'name': 'Success To Opposition'}}",3942227,773,768,3822,,
455ee2a0-99d7-4baf-91f4-f1a9c7da2b98,2726,2,00:20:28.895,65,28,50/50,94,Switzerland,From Goal Kick,Switzerland,Breel-Donald Embolo,Center Forward,"[92.2, 55.8]",0.0,True,['0dd23145-1327-42cc-9132-b06d7d252657'],"{'outcome': {'id': 1, 'name': 'Lost'}}",3942227,773,773,5545,,
4b1cb315-ef6c-4bfe-a3f9-945a6ebb62ab,2939,2,00:25:50.905,70,50,50/50,101,England,From Free Kick,Switzerland,Steven Zuber,Left Attacking Midfield,"[15.3, 7.4]",0.0,True,"['6e515310-46f9-4c68-8473-029a6625a99e', 'e6ca5703-1f8e-4ab6-afd0-5fc36a5d4bbd']","{'outcome': {'id': 1, 'name': 'Lost'}}",3942227,768,773,5548,,
e6ca5703-1f8e-4ab6-afd0-5fc36a5d4bbd,2940,2,00:25:50.905,70,50,50/50,101,England,From Free Kick,England,Bukayo Saka,Right Wing Back,"[104.8, 72.7]",0.0,True,['4b1cb315-ef6c-4bfe-a3f9-945a6ebb62ab'],"{'outcome': {'id': 4, 'name': 'Won'}}",3942227,768,768,22084,,
393f9a0b-fa7e-4901-b658-6c5da6175b82,1568,1,00:44:20.463,44,20,50/50,66,Spain,Regular Play,Spain,Daniel Olmo Carvajal,Right Center Midfield,"[110.0, 53.2]",0.0,True,"['3a24f7b7-f0d3-4f50-9288-f8142221a1bf', '3e392dc6-d48d-4867-8bb8-7a2de6bef327']","{'outcome': {'id': 1, 'name': 'Lost'}}",3942226,772,772,16532,,
3a24f7b7-f0d3-4f50-9288-f8142221a1bf,1569,1,00:44:20.463,44,20,50/50,67,Germany,Regular Play,Germany,Jamal Musiala,Left Wing,"[10.1, 26.9]",0.0,True,['393f9a0b-fa7e-4901-b658-6c5da6175b82'],"{'outcome': {'id': 4, 'name': 'Won'}}",3942226,770,770,39565,True,
5c9ac324-4f97-485c-836b-3819dcadf69e,1674,1,00:46:09.088,46,9,50/50,71,Spain,Regular Play,Germany,Leroy Sané,Right Wing,"[38.3, 53.6]",0.0,True,['75e72d70-8b1e-46b7-9b7b-2d9ae4458e81'],"{'outcome': {'id': 1, 'name': 'Lost'}}",3942226,772,770,3053,,
75e72d70-8b1e-46b7-9b7b-2d9ae4458e81,1675,1,00:46:09.088,46,9,50/50,71,Spain,Regular Play,Spain,Marc Cucurella Saseta,Left Back,"[81.8, 26.5]",0.0,True,['5c9ac324-4f97-485c-836b-3819dcadf69e'],"{'outcome': {'id': 3, 'name': 'Success To Team'}}",3942226,772,772,17620,True,
1d3a0822-0613-4e44-a329-b8790c14c891,4388,4,00:16:48.309,121,48,50/50,207,Germany,From Throw In,Germany,Robert Andrich,Right Defensive Midfield,"[64.5, 15.7]",0.0,True,['03941dd6-5139-4125-84a4-4bad2bb55947'],"{'outcome': {'id': 1, 'name': 'Lost'}}",3942226,770,770,9195,,
03941dd6-5139-4125-84a4-4bad2bb55947,4389,4,00:16:48.309,121,48,50/50,207,Germany,From Throw In,Spain,Ferrán Torres García,Right Midfield,"[55.6, 64.4]",0.011806,True,['1d3a0822-0613-4e44-a329-b8790c14c891'],"{'outcome': {'id': 3, 'name': 'Success To Team'}}",3942226,770,772,6748,,
fd1caab8-78e5-4e35-be69-8240ed7f677e,145,1,00:03:12.971,3,12,50/50,8,Belgium,Other,Belgium,Amadou Onana,Right Defensive Midfield,"[19.8, 69.5]",0.0,True,['2a6a4027-cc23-4ba8-b909-8503e907995d'],"{'outcome': {'id': 1, 'name': 'Lost'}}",3938645,782,782,48347,,
2a6a4027-cc23-4ba8-b909-8503e907995d,146,1,00:03:12.971,3,12,50/50,8,Belgium,Other,Ukraine,Vitalii Mykolenko,Left Wing Back,"[100.3, 10.6]",0.0,True,['fd1caab8-78e5-4e35-be69-8240ed7f677e'],"{'outcome': {'id': 3, 'name': 'Success To Team'}}",3938645,782,911,20827,,
42793353-3309-4052-9520-46b9e3b2c4cc,415,1,00:08:19.372,8,19,50/50,17,Belgium,From Throw In,Ukraine,Oleksandr Tymchyk,Right Wing Back,"[74.4, 69.8]",0.0,True,"['181b6157-8b61-4d4a-b190-1783c872bdb5', 'fc031de7-8dfa-4110-9f7a-ee2a43daf762']","{'outcome': {'id': 1, 'name': 'Lost'}}",3938645,782,911,45863,,
fc031de7-8dfa-4110-9f7a-ee2a43daf762,416,1,00:08:19.372,8,19,50/50,17,Belgium,From Throw In,Belgium,Kevin De Bruyne,Center Attacking Midfield,"[45.7, 10.3]",0.0,True,['42793353-3309-4052-9520-46b9e3b2c4cc'],"{'outcome': {'id': 4, 'name': 'Won'}}",3938645,782,782,3089,,
114e54a2-42fe-4841-9e2e-e14a04220678,1775,1,00:44:49.518,44,49,50/50,74,Belgium,Regular Play,Ukraine,Oleksandr Tymchyk,Right Wing Back,"[68.7, 78.0]",0.0,True,"['1d492f3e-b67c-480a-bbd5-6de936e34e1a', 'ef1d2721-dc66-4668-abc5-1424118d1fa2']","{'outcome': {'id': 1, 'name': 'Lost'}}",3938645,782,911,45863,,
1d492f3e-b67c-480a-bbd5-6de936e34e1a,1776,1,00:44:49.518,44,49,50/50,74,Belgium,Regular Play,Belgium,Kevin De Bruyne,Center Attacking Midfield,"[51.4, 2.1]",0.0,True,['114e54a2-42fe-4841-9e2e-e14a04220678'],"{'outcome': {'id': 4, 'name': 'Won'}}",3938645,782,782,3089,,
7e956d96-9c64-49cf-baf1-96099ecacc56,2539,2,00:17:23.619,62,23,50/50,107,Belgium,Regular Play,Belgium,Arthur Theate,Left Back,"[114.2, 10.2]",0.0,True,['180e8b80-ca50-412e-80f9-57fc367c808b'],"{'outcome': {'id': 2, 'name': 'Success To Opposition'}}",3938645,782,782,43913,,True
180e8b80-ca50-412e-80f9-57fc367c808b,2540,2,00:17:23.619,62,23,50/50,107,Belgium,Regular Play,Ukraine,Illia Zabarnyi,Right Center Back,"[5.9, 69.9]",0.0,True,['7e956d96-9c64-49cf-baf1-96099ecacc56'],"{'outcome': {'id': 1, 'name': 'Lost'}}",3938645,782,911,39136,,
d6593fc7-c0d5-4315-80ea-8413baf86554,842,1,00:20:39.943,20,39,50/50,35,Turkey,Regular Play,Turkey,Barış Alper Yılmaz,Right Wing,"[56.2, 53.1]",0.0,True,"['04ca7e72-3d74-47b0-a938-8e15ab654612', 'c2771dd0-e438-45a3-9c86-20d085a52db6']","{'outcome': {'id': 1, 'name': 'Lost'}}",3941022,909,909,134209,,
04ca7e72-3d74-47b0-a938-8e15ab654612,843,1,00:20:39.943,20,39,50/50,35,Turkey,Regular Play,Austria,Konrad Laimer,Left Defensive Midfield,"[63.9, 27.0]",0.0,True,['d6593fc7-c0d5-4315-80ea-8413baf86554'],"{'outcome': {'id': 4, 'name': 'Won'}}",3941022,909,915,8506,,
921293ad-d805-4775-993c-cd9cf4a5651e,1006,1,00:25:25.366,25,25,50/50,42,Austria,From Goal Kick,Turkey,Arda Güler,Center Forward,"[25.0, 41.6]",0.0,True,['5c63b0b3-64ec-4d2f-9fdb-9ff1e47a9e33'],"{'outcome': {'id': 1, 'name': 'Lost'}}",3941022,915,909,116587,,
5c63b0b3-64ec-4d2f-9fdb-9ff1e47a9e33,1007,1,00:25:25.366,25,25,50/50,42,Austria,From Goal Kick,Austria,Nicolas Seiwald,Right Defensive Midfield,"[95.1, 38.5]",0.0,True,['921293ad-d805-4775-993c-cd9cf4a5651e'],"{'outcome': {'id': 3, 'name': 'Success To Team'}}",3941022,915,915,39460,True,
68e47b58-5284-4b18-8862-390730adc1fe,1008,1,00:25:26.633,25,26,50/50,42,Austria,From Goal Kick,Austria,Konrad Laimer,Left Defensive Midfield,"[90.7, 34.1]",0.045392,True,"['b782cd55-c444-4103-9f82-feb9872c31b8', 'ba98a27d-18a9-423c-a7a6-c02b0d1e7745']","{'outcome': {'id': 1, 'name': 'Lost'}}",3941022,915,915,8506,,
ba98a27d-18a9-423c-a7a6-c02b0d1e7745,1009,1,00:25:26.633,25,26,50/50,43,Turkey,Regular Play,Turkey,Orkun Kökçü,Left Defensive Midfield,"[29.4, 46.0]",0.0,True,['68e47b58-5284-4b18-8862-390730adc1fe'],"{'outcome': {'id': 4, 'name': 'Won'}}",3941022,909,909,22212,True,
9c63aef6-2be1-46f6-b936-68802368325e,1397,1,00:34:14.500,34,14,50/50,56,Turkey,Regular Play,Austria,Philipp Mwene,Left Back,"[84.1, 14.4]",0.0,True,['9b0c4865-c46a-4b50-a734-82a6c636bf0a'],"{'outcome': {'id': 2, 'name': 'Success To Opposition'}}",3941022,909,915,13315,True,True
9b0c4865-c46a-4b50-a734-82a6c636bf0a,1398,1,00:34:14.500,34,14,50/50,56,Turkey,Regular Play,Turkey,Arda Güler,Center Forward,"[36.0, 65.7]",0.0,True,['9c63aef6-2be1-46f6-b936-68802368325e'],"{'outcome': {'id': 1, 'name': 'Lost'}}",3941022,909,909,116587,,
f115cdb0-5d62-41bc-a336-64664e184705,2416,2,00:13:14.652,58,14,50/50,104,Turkey,From Throw In,Austria,Alexander Prass,Left Back,"[1.7, 8.5]",0.0,True,['ead2b486-914b-4bf4-9ee1-ce7b1d083194'],"{'outcome': {'id': 1, 'name': 'Lost'}}",3941022,909,915,39545,,
ead2b486-914b-4bf4-9ee1-ce7b1d083194,2417,2,00:13:14.652,58,14,50/50,104,Turkey,From Throw In,Turkey,Barış Alper Yılmaz,Right Wing,"[118.4, 71.6]",0.0,True,['f115cdb0-5d62-41bc-a336-64664e184705'],"{'outcome': {'id': 3, 'name': 'Success To Team'}}",3941022,909,909,134209,,True
ed08355d-a562-4635-b5a3-33d243b4ad27,99,1,00:01:46.044,1,46,50/50,5,Netherlands,From Throw In,Netherlands,Tijjani Reijnders,Left Defensive Midfield,"[21.9, 6.6]",0.0,True,"['03cdec18-2576-4c93-9564-f0bd7aed69fa', '3d7f9610-f515-40ac-86b8-7513f174232c']","{'outcome': {'id': 1, 'name': 'Lost'}}",3941021,941,941,21582,,
03cdec18-2576-4c93-9564-f0bd7aed69fa,100,1,00:01:46.044,1,46,50/50,6,Romania,Regular Play,Romania,Dennis Man,Right Midfield,"[98.2, 73.5]",0.0,True,['ed08355d-a562-4635-b5a3-33d243b4ad27'],"{'outcome': {'id': 4, 'name': 'Won'}}",3941021,905,905,56905,True,
110e6f79-648d-4d54-80ab-61e0a3f445bc,1032,1,00:34:33.318,34,33,50/50,53,Netherlands,Regular Play,Romania,Denis Mihai Drăguş,Center Forward,"[19.1, 5.9]",0.0,True,['7015d1c8-71d6-4d20-8e0a-f1b047d28782'],"{'outcome': {'id': 1, 'name': 'Lost'}}",3941021,941,905,31193,,
7015d1c8-71d6-4d20-8e0a-f1b047d28782,1033,1,00:34:33.318,34,33,50/50,53,Netherlands,Regular Play,Netherlands,Jerdy Schouten,Right Defensive Midfield,"[101.0, 74.2]",0.0,True,['110e6f79-648d-4d54-80ab-61e0a3f445bc'],"{'outcome': {'id': 3, 'name': 'Success To Team'}}",3941021,941,941,15503,True,True
3b970536-bb93-411c-8bdd-9333a2fc9b3d,1530,1,00:48:31.084,48,31,50/50,75,Romania,From Corner,Romania,Andrei Burcă Andonie,Left Back,"[113.8, 74.4]",0.0,True,"['72d081e7-fa90-41a0-8e86-aa98b94da030', '9181e66f-4f0c-40fe-a30c-0ffd054848dd']","{'outcome': {'id': 1, 'name': 'Lost'}}",3941021,905,905,31908,,
72d081e7-fa90-41a0-8e86-aa98b94da030,1531,1,00:48:31.084,48,31,50/50,75,Romania,From Corner,Netherlands,Steven Bergwijn,Right Wing,"[6.3, 5.7]",0.0,True,['3b970536-bb93-411c-8bdd-9333a2fc9b3d'],"{'outcome': {'id': 4, 'name': 'Won'}}",3941021,905,941,8259,,
46b491b1-df9f-4302-acf5-b02b7cb4c276,2379,2,00:27:26.539,72,26,50/50,120,Netherlands,Regular Play,Romania,Răzvan Gabriel Marin,Center Defensive Midfield,"[18.5, 53.8]",0.0,True,['eb2ecc2c-8153-4795-9a4b-8c1faddd59e6'],"{'outcome': {'id': 1, 'name': 'Lost'}}",3941021,941,905,16344,,
eb2ecc2c-8153-4795-9a4b-8c1faddd59e6,2380,2,00:27:26.539,72,26,50/50,120,Netherlands,Regular Play,Netherlands,Joey Veerman,Left Defensive Midfield,"[101.6, 26.3]",0.0,True,['46b491b1-df9f-4302-acf5-b02b7cb4c276'],"{'outcome': {'id': 3, 'name': 'Success To Team'}}",3941021,941,941,21633,,
aceb4f2c-a796-4a4a-b2a1-9d034ddcc2e2,122,1,00:02:52.513,2,52,50/50,8,Slovenia,From Throw In,Portugal,Nuno Mendes,Left Back,"[84.9, 47.1]",0.0,True,['d4ba45bd-eda5-483a-b28a-c2a932da9a81'],"{'outcome': {'id': 1, 'name': 'Lost'}}",3941020,944,780,41092,,
d4ba45bd-eda5-483a-b28a-c2a932da9a81,123,1,00:02:52.513,2,52,50/50,8,Slovenia,From Throw In,Slovenia,Petar Stojanović,Right Midfield,"[35.2, 33.0]",0.0,True,['aceb4f2c-a796-4a4a-b2a1-9d034ddcc2e2'],"{'outcome': {'id': 3, 'name': 'Success To Team'}}",3941020,944,944,16528,,
24bfd8b1-cb3f-415f-a940-c7a8dae7afaa,772,1,00:18:14.286,18,14,50/50,31,Slovenia,Regular Play,Portugal,Nuno Mendes,Left Back,"[20.6, 23.2]",0.0,True,"['14905aa4-b335-402f-9626-ac5894944fd5', 'ad85406b-6da4-4052-bde3-b5b5699bf45e']","{'outcome': {'id': 1, 'name': 'Lost'}}",3941020,944,780,41092,,
14905aa4-b335-402f-9626-ac5894944fd5,773,1,00:18:14.286,18,14,50/50,31,Slovenia,Regular Play,Slovenia,Petar Stojanović,Right Midfield,"[99.5, 56.9]",0.0,True,['24bfd8b1-cb3f-415f-a940-c7a8dae7afaa'],"{'outcome': {'id': 4, 'name': 'Won'}}",3941020,944,944,16528,,
014c35a9-2ccd-4131-b152-5c3128a57366,880,1,00:21:44.953,21,44,50/50,35,Slovenia,From Goal Kick,Portugal,Nuno Mendes,Left Back,"[35.1, 17.3]",0.0,True,"['3549f3b6-b7cc-4434-89ca-a994418d0339', '5afe54a1-9c5b-41d7-8c2d-7615c8d651bd']","{'outcome': {'id': 1, 'name': 'Lost'}}",3941020,944,780,41092,,
5afe54a1-9c5b-41d7-8c2d-7615c8d651bd,881,1,00:21:44.953,21,44,50/50,35,Slovenia,From Goal Kick,Slovenia,Adam Gnezda Čerin,Right Defensive Midfield,"[85.0, 62.8]",0.0,True,['014c35a9-2ccd-4131-b152-5c3128a57366'],"{'outcome': {'id': 4, 'name': 'Won'}}",3941020,944,944,31968,,
deedfc2b-3636-4d1a-879d-1454b49e8a24,1959,2,00:11:13.781,56,13,50/50,101,Portugal,Regular Play,Portugal,João Maria Lobo Alves Palhinha Gonçalves,Left Defensive Midfield,"[98.1, 37.9]",0.0,True,"['4c684bbf-0b85-4cf4-9cd5-df745a1e8dcf', 'e9cf7b9e-c286-4a9d-9bd0-622f212c445d']","{'outcome': {'id': 1, 'name': 'Lost'}}",3941020,780,780,12169,,
e9cf7b9e-c286-4a9d-9bd0-622f212c445d,1960,2,00:11:13.781,56,13,50/50,101,Portugal,Regular Play,Slovenia,Adam Gnezda Čerin,Right Defensive Midfield,"[22.0, 42.2]",0.0,True,['deedfc2b-3636-4d1a-879d-1454b49e8a24'],"{'outcome': {'id': 4, 'name': 'Won'}}",3941020,780,944,31968,,
6328ebad-6a24-4bee-b8e9-c1b12b4c48c4,3683,3,00:12:28.720,102,28,50/50,184,Slovenia,From Throw In,Slovenia,Žan Celar,Right Center Forward,"[63.8, 34.2]",0.0,True,['18a647e8-b016-47e9-aac9-fadd50066348'],"{'outcome': {'id': 2, 'name': 'Success To Opposition'}}",3941020,944,944,24109,,
18a647e8-b016-47e9-aac9-fadd50066348,3684,3,00:12:28.720,102,28,50/50,184,Slovenia,From Throw In,Portugal,João Maria Lobo Alves Palhinha Gonçalves,Left Defensive Midfield,"[56.3, 45.9]",2.317697,True,['6328ebad-6a24-4bee-b8e9-c1b12b4c48c4'],"{'outcome': {'id': 1, 'name': 'Lost'}}",3941020,944,780,12169,,
f1828916-7386-4821-82a0-6caad0cbdd66,1125,1,00:26:15.482,26,15,50/50,31,Belgium,From Free Kick,France,Adrien Rabiot,Left Center Midfield,"[14.4, 13.1]",0.0,True,['fe839ee9-39da-49f8-bce9-2060cb9d961a'],"{'outcome': {'id': 1, 'name': 'Lost'}}",3941019,782,771,3026,,
fe839ee9-39da-49f8-bce9-2060cb9d961a,1126,1,00:26:15.482,26,15,50/50,31,Belgium,From Free Kick,Belgium,Amadou Onana,Right Defensive Midfield,"[105.7, 67.0]",2.26759,True,['f1828916-7386-4821-82a0-6caad0cbdd66'],"{'outcome': {'id': 2, 'name': 'Success To Opposition'}}",3941019,782,782,48347,,True
bdee2609-8e20-442f-84eb-8fd188d35399,1598,1,00:37:15.128,37,15,50/50,49,France,Regular Play,Belgium,Romelu Lukaku Menama,Right Center Forward,"[32.8, 58.5]",0.0,True,['524d158d-e1cb-4321-ad42-e593a27766b1'],"{'outcome': {'id': 1, 'name': 'Lost'}}",3941019,771,782,3289,,
524d158d-e1cb-4321-ad42-e593a27766b1,1599,1,00:37:15.128,37,15,50/50,49,France,Regular Play,France,Aurélien Djani Tchouaméni,Center Defensive Midfield,"[87.3, 21.6]",0.197362,True,['bdee2609-8e20-442f-84eb-8fd188d35399'],"{'outcome': {'id': 3, 'name': 'Success To Team'}}",3941019,771,771,10481,,
361a91c5-d7a8-4094-b4e1-2255554c36e1,212,1,00:03:52.807,3,52,50/50,7,Spain,Regular Play,Georgia,Giorgi Kochorashvili,Left Center Midfield,"[66.3, 52.8]",0.0,True,"['00b00871-60b1-4202-9339-25f5ded657fe', '28b6a24b-b758-4dbe-8fc1-5c2bfc02b22a']","{'outcome': {'id': 1, 'name': 'Lost'}}",3941018,772,2138,41202,True,
00b00871-60b1-4202-9339-25f5ded657fe,213,1,00:03:52.807,3,52,50/50,7,Spain,Regular Play,Spain,Rodrigo Hernández Cascante,Center Defensive Midfield,"[53.8, 27.3]",0.0,True,['361a91c5-d7a8-4094-b4e1-2255554c36e1'],"{'outcome': {'id': 4, 'name': 'Won'}}",3941018,772,772,6765,True,
687a2a18-a95d-47bf-a76e-f6ac007aca7d,1727,1,00:41:20.680,41,20,50/50,66,Spain,From Goal Kick,Georgia,Otar Kakabadze,Right Wing Back,"[15.0, 69.6]",0.0,True,['839c0f8e-7e42-4b95-abb7-d2b15fa4c4a9'],"{'outcome': {'id': 1, 'name': 'Lost'}}",3941018,772,2138,25036,,
839c0f8e-7e42-4b95-abb7-d2b15fa4c4a9,1728,1,00:41:20.680,41,20,50/50,66,Spain,From Goal Kick,Spain,Marc Cucurella Saseta,Left Back,"[105.1, 10.5]",0.0,True,['687a2a18-a95d-47bf-a76e-f6ac007aca7d'],"{'outcome': {'id': 3, 'name': 'Success To Team'}}",3941018,772,772,17620,,True
02ecc634-6a45-4ec8-bd31-940dfce2e968,2407,2,00:10:57.016,55,57,50/50,92,Spain,From Throw In,Spain,Álvaro Borja Morata Martín,Center Forward,"[63.0, 45.6]",0.0,True,['b4567963-d170-4511-859a-775aa799c4ac'],"{'outcome': {'id': 1, 'name': 'Lost'}}",3941018,772,772,3477,,
b4567963-d170-4511-859a-775aa799c4ac,2408,2,00:10:57.016,55,57,50/50,92,Spain,From Throw In,Georgia,Giorgi Chakvetadze,Left Center Midfield,"[57.1, 34.5]",0.0,True,['02ecc634-6a45-4ec8-bd31-940dfce2e968'],"{'outcome': {'id': 3, 'name': 'Success To Team'}}",3941018,772,2138,23646,,
625ae4d0-474c-4c0f-ae63-f99441e3f1b4,3197,2,00:28:06.874,73,6,50/50,114,Spain,Regular Play,Georgia,Zuriko Davitashvili,Left Center Midfield,"[26.1, 12.8]",0.0,True,"['0646ede9-de06-4745-89d1-5628da234f6c', '0e4a00da-0ff4-4d11-9966-47e9987655a9']","{'outcome': {'id': 1, 'name': 'Lost'}}",3941018,772,2138,44183,,
0646ede9-de06-4745-89d1-5628da234f6c,3198,2,00:28:06.874,73,6,50/50,114,Spain,Regular Play,Spain,Lamine Yamal Nasraoui Ebana,Right Wing,"[94.0, 67.3]",0.0,True,['625ae4d0-474c-4c0f-ae63-f99441e3f1b4'],"{'outcome': {'id': 4, 'name': 'Won'}}",3941018,772,772,316046,,
c6135494-0e97-4ed1-b36b-3f635e8d71d9,719,1,00:17:06.289,17,6,50/50,23,England,Regular Play,England,Bukayo Saka,Right Wing,"[49.1, 58.7]",0.0,True,['b2ac0b56-3f87-4b74-a2b8-725d3a1ab672'],"{'outcome': {'id': 1, 'name': 'Lost'}}",3941017,768,768,22084,,
b2ac0b56-3f87-4b74-a2b8-725d3a1ab672,720,1,00:17:06.289,17,6,50/50,23,England,Regular Play,Slovakia,Stanislav Lobotka,Center Defensive Midfield,"[71.0, 21.4]",0.0,True,['c6135494-0e97-4ed1-b36b-3f635e8d71d9'],"{'outcome': {'id': 3, 'name': 'Success To Team'}}",3941017,768,908,6798,True,
fba60260-4793-4515-aed7-54ba4dd9ccf8,2459,2,00:16:53.861,61,53,50/50,89,Slovakia,From Goal Kick,Slovakia,Ondrej Duda,Left Center Midfield,"[54.4, 9.4]",0.0,True,['7d7e9bf2-cbe6-4c05-bbd7-cef65a570cd6'],"{'outcome': {'id': 1, 'name': 'Lost'}}",3941017,908,908,8967,,
7d7e9bf2-cbe6-4c05-bbd7-cef65a570cd6,2460,2,00:16:53.861,61,53,50/50,89,Slovakia,From Goal Kick,England,Bukayo Saka,Right Wing,"[65.7, 70.7]",0.822192,True,['fba60260-4793-4515-aed7-54ba4dd9ccf8'],"{'outcome': {'id': 3, 'name': 'Success To Team'}}",3941017,908,768,22084,,
faaf5a3e-91ff-4414-a16e-b56aaf743977,877,1,00:19:33.869,19,33,50/50,34,Denmark,From Throw In,Serbia,Aleksandar Mitrović,Center Forward,"[26.2, 20.0]",1.89871,True,['762abba2-b272-44d8-b9c0-4c6615999a5e'],"{'outcome': {'id': 1, 'name': 'Lost'}}",3930182,776,786,4269,,
762abba2-b272-44d8-b9c0-4c6615999a5e,878,1,00:19:33.869,19,33,50/50,34,Denmark,From Throw In,Denmark,Morten Hjulmand,Right Defensive Midfield,"[93.9, 60.1]",0.0,True,['faaf5a3e-91ff-4414-a16e-b56aaf743977'],"{'outcome': {'id': 3, 'name': 'Success To Team'}}",3930182,776,776,8621,,
dc951df3-aaa0-4413-a793-311ec6c6235a,1927,1,00:42:33.004,42,33,50/50,70,Serbia,Regular Play,Denmark,Alexander Hartmann Bah,Right Wing Back,"[3.4, 74.0]",0.0,True,['2a0f65ce-2631-44cf-8a7f-04986cb21314'],"{'outcome': {'id': 2, 'name': 'Success To Opposition'}}",3930182,786,776,24547,,True
2a0f65ce-2631-44cf-8a7f-04986cb21314,1928,1,00:42:33.004,42,33,50/50,70,Serbia,Regular Play,Serbia,Andrija Živković,Left Wing Back,"[116.7, 6.1]",0.0,True,['dc951df3-aaa0-4413-a793-311ec6c6235a'],"{'outcome': {'id': 1, 'name': 'Lost'}}",3930182,786,786,6318,,
3ca52c44-728e-4f73-bef0-dc3ec0d6a7d5,748,1,00:18:40.087,18,40,50/50,33,Albania,Regular Play,Spain,Alejandro Grimaldo García,Left Back,"[91.2, 13.5]",0.0,True,['1e9491a5-e226-428c-a2fa-e45758c698db'],"{'outcome': {'id': 1, 'name': 'Lost'}}",3930179,906,772,10336,True,
1e9491a5-e226-428c-a2fa-e45758c698db,749,1,00:18:40.087,18,40,50/50,33,Albania,Regular Play,Albania,Jasir Asani,Right Wing,"[28.9, 66.6]",0.0,True,['3ca52c44-728e-4f73-bef0-dc3ec0d6a7d5'],"{'outcome': {'id': 3, 'name': 'Success To Team'}}",3930179,906,906,41186,True,
3bcfaaba-38cd-4e42-8e1d-356bb41f7d19,1099,1,00:27:29.765,27,29,50/50,49,Spain,Regular Play,Albania,Ylber Ramadani,Right Defensive Midfield,"[63.0, 38.6]",0.0,True,['29991088-3444-4250-a394-5d2553deeca8'],"{'outcome': {'id': 1, 'name': 'Lost'}}",3930179,772,906,24438,,
29991088-3444-4250-a394-5d2553deeca8,1100,1,00:27:29.765,27,29,50/50,49,Spain,Regular Play,Spain,Daniel Olmo Carvajal,Center Attacking Midfield,"[57.1, 41.5]",0.0,True,['3bcfaaba-38cd-4e42-8e1d-356bb41f7d19'],"{'outcome': {'id': 3, 'name': 'Success To Team'}}",3930179,772,772,16532,,
642f0db9-83dd-4194-95b4-b326b8b4709b,1193,1,00:29:19.587,29,19,50/50,51,Albania,From Throw In,Albania,Qazim Laçi,Center Attacking Midfield,"[97.6, 20.0]",0.0,True,['389b5539-a633-476e-82ab-a739564e0e03'],"{'outcome': {'id': 1, 'name': 'Lost'}}",3930179,906,906,7531,,
389b5539-a633-476e-82ab-a739564e0e03,1194,1,00:29:19.587,29,19,50/50,51,Albania,From Throw In,Spain,Mikel Merino Zazón,Left Defensive Midfield,"[22.5, 60.1]",1.203169,True,['642f0db9-83dd-4194-95b4-b326b8b4709b'],"{'outcome': {'id': 3, 'name': 'Success To Team'}}",3930179,906,772,3042,,
cd4fb13a-fb6f-4685-a36a-e6ec4bb09fc3,1312,1,00:32:36.527,32,36,50/50,57,Spain,From Throw In,Albania,Jasir Asani,Right Wing,"[17.2, 53.5]",0.0,True,['c953bdaf-9d6b-4c81-a894-366120544b61'],"{'outcome': {'id': 2, 'name': 'Success To Opposition'}}",3930179,772,906,41186,,
c953bdaf-9d6b-4c81-a894-366120544b61,1313,1,00:32:36.527,32,36,50/50,57,Spain,From Throw In,Spain,Alejandro Grimaldo García,Left Back,"[102.9, 26.6]",0.0,True,['cd4fb13a-fb6f-4685-a36a-e6ec4bb09fc3'],"{'outcome': {'id': 1, 'name': 'Lost'}}",3930179,772,772,10336,,
dfc4272d-c4af-4e8d-a462-1158225960b2,1371,1,00:32:40.673,32,40,50/50,56,Denmark,Regular Play,Germany,Leroy Sané,Right Wing,"[90.9, 58.6]",0.0,True,['1bdae799-1414-46cb-be6f-9c753f238f2d'],"{'outcome': {'id': 1, 'name': 'Lost'}}",3940983,776,770,3053,,
1bdae799-1414-46cb-be6f-9c753f238f2d,1372,1,00:32:40.673,32,40,50/50,56,Denmark,Regular Play,Denmark,Joakim Mæhle,Left Wing Back,"[29.2, 21.5]",0.0,True,['dfc4272d-c4af-4e8d-a462-1158225960b2'],"{'outcome': {'id': 3, 'name': 'Success To Team'}}",3940983,776,776,16554,,
ca219e91-05c5-4e73-8c63-517180b7fb15,1441,1,00:34:06.693,34,6,50/50,59,Germany,From Throw In,Germany,Kai Havertz,Center Forward,"[104.0, 37.2]",0.0,True,"['806d2427-a16a-47b5-a45d-adf50dbf07ab', 'eca9cedc-6a83-46c1-b882-12ca55b7c0c7']","{'outcome': {'id': 1, 'name': 'Lost'}}",3940983,770,770,8966,,
eca9cedc-6a83-46c1-b882-12ca55b7c0c7,1442,1,00:34:06.693,34,6,50/50,59,Germany,From Throw In,Denmark,Andreas Christensen,Left Center Back,"[16.1, 42.9]",0.0,True,['ca219e91-05c5-4e73-8c63-517180b7fb15'],"{'outcome': {'id': 4, 'name': 'Won'}}",3940983,770,776,3959,,
848df22d-83b0-4deb-b21f-2dccc3ae09ee,174,1,00:04:05.421,4,5,50/50,11,Switzerland,From Throw In,Italy,Bryan Cristante,Right Center Midfield,"[17.1, 71.7]",0.0,True,['162b9139-c66d-44ca-8d99-bf4b041491fc'],"{'outcome': {'id': 2, 'name': 'Success To Opposition'}}",3940878,773,914,6993,,
162b9139-c66d-44ca-8d99-bf4b041491fc,175,1,00:04:05.421,4,5,50/50,11,Switzerland,From Throw In,Switzerland,Michel Aebischer,Left Wing Back,"[103.0, 8.4]",0.267599,True,['848df22d-83b0-4deb-b21f-2dccc3ae09ee'],"{'outcome': {'id': 1, 'name': 'Lost'}}",3940878,773,773,16016,,
46f55c05-0154-4f59-ba01-1199ba3f5c28,950,1,00:24:54.267,24,54,50/50,41,Switzerland,Regular Play,Switzerland,Breel-Donald Embolo,Center Forward,"[87.1, 45.3]",0.0,True,"['37afbcdf-8dd1-48c7-9c7e-5cf33181192a', '6da8aad2-73ff-4824-9fb0-7d25ef27e59f']","{'outcome': {'id': 1, 'name': 'Lost'}}",3940878,773,773,5545,,
37afbcdf-8dd1-48c7-9c7e-5cf33181192a,951,1,00:24:54.267,24,54,50/50,41,Switzerland,Regular Play,Italy,Nicolò Fagioli,Center Defensive Midfield,"[33.0, 34.8]",0.0,True,['46f55c05-0154-4f59-ba01-1199ba3f5c28'],"{'outcome': {'id': 4, 'name': 'Won'}}",3940878,773,914,38909,,
0fc3d226-d39e-485d-abf8-849c42f86bfc,1942,2,00:02:37.613,47,37,50/50,77,Italy,From Throw In,Switzerland,Fabian Rieder,Right Attacking Midfield,"[40.6, 74.9]",0.305419,True,['54800224-5cd2-45bf-aee1-aa5e259b8baf'],"{'outcome': {'id': 1, 'name': 'Lost'}}",3940878,914,773,50436,,
54800224-5cd2-45bf-aee1-aa5e259b8baf,1943,2,00:02:37.613,47,37,50/50,77,Italy,From Throw In,Italy,Matteo Darmian,Left Back,"[79.5, 5.2]",0.0,True,['0fc3d226-d39e-485d-abf8-849c42f86bfc'],"{'outcome': {'id': 3, 'name': 'Success To Team'}}",3940878,914,914,4587,True,
d322162e-f433-4697-a90a-022eb063518b,308,1,00:07:03.302,7,3,50/50,13,Hungary,Regular Play,Scotland,Andrew Robertson,Left Wing Back,"[43.0, 66.1]",0.0,True,"['c4313d6b-bf32-475e-8a38-cd53524ae895', 'd56b9ac0-5008-4085-ae33-4a32d68d937b']","{'outcome': {'id': 1, 'name': 'Lost'}}",3930177,916,942,3655,True,
d56b9ac0-5008-4085-ae33-4a32d68d937b,309,1,00:07:03.302,7,3,50/50,13,Hungary,Regular Play,Hungary,Roland Sallai,Left Attacking Midfield,"[77.1, 14.0]",0.0,True,['d322162e-f433-4697-a90a-022eb063518b'],"{'outcome': {'id': 4, 'name': 'Won'}}",3930177,916,916,19316,,
04c6a282-569a-40e1-a454-93270e329367,957,1,00:22:48.215,22,48,50/50,34,Scotland,From Throw In,Hungary,András Schäfer,Right Defensive Midfield,"[51.2, 11.5]",0.0,True,['0c7d9947-52cc-4a88-9f1b-9bf25ef50822'],"{'outcome': {'id': 1, 'name': 'Lost'}}",3930177,942,916,42822,,
0c7d9947-52cc-4a88-9f1b-9bf25ef50822,958,1,00:22:48.215,22,48,50/50,34,Scotland,From Throw In,Scotland,John McGinn,Right Attacking Midfield,"[68.9, 68.6]",0.0,True,['04c6a282-569a-40e1-a454-93270e329367'],"{'outcome': {'id': 3, 'name': 'Success To Team'}}",3930177,942,942,9974,,
ed147ca4-955b-4d12-b291-1027b9f08784,2001,2,00:09:22.937,54,22,50/50,89,Hungary,Regular Play,Hungary,Endre Botka,Right Center Back,"[35.4, 68.8]",0.0,True,['49853be4-4923-4eda-a249-c900f4b73dca'],"{'outcome': {'id': 1, 'name': 'Lost'}}",3930177,916,916,31887,,
49853be4-4923-4eda-a249-c900f4b73dca,2002,2,00:09:22.937,54,22,50/50,89,Hungary,Regular Play,Scotland,Scott McTominay,Left Attacking Midfield,"[84.7, 11.3]",0.0,True,['ed147ca4-955b-4d12-b291-1027b9f08784'],"{'outcome': {'id': 3, 'name': 'Success To Team'}}",3930177,916,942,3620,,
12864394-7cf4-4310-9069-af2a0d081574,2215,2,00:14:38.844,59,38,50/50,99,Scotland,From Free Kick,Scotland,Scott McTominay,Left Attacking Midfield,"[97.7, 52.4]",0.0,True,['4bc11bc2-4a67-4531-8534-6ac2de2f1abc'],"{'outcome': {'id': 1, 'name': 'Lost'}}",3930177,942,942,3620,,
4bc11bc2-4a67-4531-8534-6ac2de2f1abc,2216,2,00:14:38.844,59,38,50/50,99,Scotland,From Free Kick,Hungary,Endre Botka,Right Center Back,"[22.4, 27.7]",0.0,True,['12864394-7cf4-4310-9069-af2a0d081574'],"{'outcome': {'id': 3, 'name': 'Success To Team'}}",3930177,942,916,31887,,
c288a51c-752f-467c-b75b-65acddda0213,2217,2,00:14:40.549,59,40,50/50,99,Scotland,From Free Kick,Scotland,Che Adams,Center Forward,"[92.5, 41.5]",0.0,True,['64c78178-c1d2-4bb2-9d71-0955ece9de81'],"{'outcome': {'id': 1, 'name': 'Lost'}}",3930177,942,942,9466,,
64c78178-c1d2-4bb2-9d71-0955ece9de81,2218,2,00:14:40.549,59,40,50/50,99,Scotland,From Free Kick,Hungary,András Schäfer,Right Defensive Midfield,"[27.6, 38.6]",0.0,True,['c288a51c-752f-467c-b75b-65acddda0213'],"{'outcome': {'id': 3, 'name': 'Success To Team'}}",3930177,942,916,42822,,
d4e1b048-3a1c-447c-82f7-060010e8a9c3,2393,2,00:19:31.033,64,31,50/50,105,Hungary,Regular Play,Hungary,Dominik Szoboszlai,Right Attacking Midfield,"[99.8, 38.7]",0.0,True,"['06ebb136-0ab2-47f9-bd4b-c20a84a8f6a6', '985f4aee-2f5b-4b8b-968a-f572678fa62f']","{'outcome': {'id': 1, 'name': 'Lost'}}",3930177,916,916,21209,,
985f4aee-2f5b-4b8b-968a-f572678fa62f,2394,2,00:19:31.033,64,31,50/50,106,Scotland,Regular Play,Scotland,Andrew Robertson,Left Wing Back,"[20.3, 41.4]",0.0,True,['d4e1b048-3a1c-447c-82f7-060010e8a9c3'],"{'outcome': {'id': 4, 'name': 'Won'}}",3930177,942,942,3655,True,
41e6cd5d-fdb9-4840-bd8d-3828a3a43222,2837,2,00:36:36.067,81,36,50/50,125,Scotland,Regular Play,Hungary,Martin Ádám,Center Forward,"[60.7, 71.2]",0.083412,True,['ce388bf4-d347-4dd4-b2a9-c5dbc2116d33'],"{'outcome': {'id': 1, 'name': 'Lost'}}",3930177,942,916,264277,True,
ce388bf4-d347-4dd4-b2a9-c5dbc2116d33,2838,2,00:36:36.067,81,36,50/50,125,Scotland,Regular Play,Scotland,Andrew Robertson,Left Wing Back,"[59.4, 8.9]",0.0,True,['41e6cd5d-fdb9-4840-bd8d-3828a3a43222'],"{'outcome': {'id': 3, 'name': 'Success To Team'}}",3930177,942,942,3655,True,
83777ac0-60bc-4a26-9af4-bb03d1ba53f7,1437,1,00:32:11.223,32,11,50/50,48,France,From Free Kick,Netherlands,Jeremie Frimpong,Right Wing,"[81.1, 65.1]",0.0,True,"['041384d8-7c99-4761-a335-8e58706331e2', '83418d23-edfd-4316-ad68-3753372988c5']","{'outcome': {'id': 1, 'name': 'Lost'}}",3930173,771,941,32712,,
83418d23-edfd-4316-ad68-3753372988c5,1438,1,00:32:11.223,32,11,50/50,48,France,From Free Kick,France,Antoine Griezmann,Center Attacking Midfield,"[39.0, 15.0]",0.0,True,['83777ac0-60bc-4a26-9af4-bb03d1ba53f7'],"{'outcome': {'id': 4, 'name': 'Won'}}",3930173,771,771,5487,,
dea85803-bcb5-4f47-a5c4-e07596126647,2537,2,00:17:50.275,62,50,50/50,90,Netherlands,From Goal Kick,Netherlands,Denzel Dumfries,Right Back,"[76.9, 62.2]",0.0,True,['5a38cf9f-e290-400d-8ce3-e1ac62ea07ac'],"{'outcome': {'id': 1, 'name': 'Lost'}}",3930173,941,941,8125,,
5a38cf9f-e290-400d-8ce3-e1ac62ea07ac,2538,2,00:17:50.275,62,50,50/50,90,Netherlands,From Goal Kick,France,Adrien Rabiot,Left Midfield,"[43.2, 17.9]",0.0,True,['dea85803-bcb5-4f47-a5c4-e07596126647'],"{'outcome': {'id': 3, 'name': 'Success To Team'}}",3930173,941,771,3026,,
b2cf2b6d-0085-424d-b77a-d00d06d259b5,407,1,00:10:10.798,10,10,50/50,19,Italy,From Goal Kick,Spain,Nicholas Williams Arthuer,Left Wing,"[86.5, 3.9]",0.0,True,"['0f7dd321-e102-4d33-b0e5-3703e32ad224', 'b32380b4-7246-4584-ae9a-9ac4e5823f4b']","{'outcome': {'id': 1, 'name': 'Lost'}}",3930172,914,772,68574,,
b32380b4-7246-4584-ae9a-9ac4e5823f4b,408,1,00:10:10.798,10,10,50/50,19,Italy,From Goal Kick,Italy,Federico Chiesa,Right Wing,"[33.6, 76.2]",0.0,True,['b2cf2b6d-0085-424d-b77a-d00d06d259b5'],"{'outcome': {'id': 4, 'name': 'Won'}}",3930172,914,914,7156,,
aa45ad73-daae-42bf-a8c5-684adde16773,1196,1,00:25:03.910,25,3,50/50,41,Spain,From Corner,Spain,Nicholas Williams Arthuer,Left Wing,"[106.1, 67.5]",0.0,True,['f9064202-a4c7-466d-9e94-50c3ee801dbe'],"{'outcome': {'id': 1, 'name': 'Lost'}}",3930172,772,772,68574,,
f9064202-a4c7-466d-9e94-50c3ee801dbe,1197,1,00:25:03.910,25,3,50/50,41,Spain,From Corner,Italy,Nicolò Barella,Left Center Midfield,"[14.0, 12.6]",0.0,True,['aa45ad73-daae-42bf-a8c5-684adde16773'],"{'outcome': {'id': 3, 'name': 'Success To Team'}}",3930172,772,914,8181,,
2dbdfd2b-73cd-49db-b7ed-e77204eb5374,2088,2,00:03:23.875,48,23,50/50,87,Spain,Regular Play,Italy,Nicolò Barella,Center Defensive Midfield,"[20.1, 22.6]",0.0,True,"['52c776cc-58c5-4ad4-8fb6-584d6619e040', 'b5a63f1a-2728-4eea-8a76-30272e31d655']","{'outcome': {'id': 1, 'name': 'Lost'}}",3930172,772,914,8181,,
b5a63f1a-2728-4eea-8a76-30272e31d655,2089,2,00:03:23.875,48,23,50/50,87,Spain,Regular Play,Spain,Lamine Yamal Nasraoui Ebana,Right Wing,"[100.0, 57.5]",0.0,True,['2dbdfd2b-73cd-49db-b7ed-e77204eb5374'],"{'outcome': {'id': 4, 'name': 'Won'}}",3930172,772,772,316046,,
0555aef8-0255-4bdd-bab0-21a2cb03b59d,2962,2,00:22:21.129,67,21,50/50,114,Spain,Regular Play,Spain,Nicholas Williams Arthuer,Left Wing,"[116.3, 13.3]",0.0,True,['5d487052-c870-4dc1-8bbd-d4bef7a86a5a'],"{'outcome': {'id': 1, 'name': 'Lost'}}",3930172,772,772,68574,,
5d487052-c870-4dc1-8bbd-d4bef7a86a5a,2963,2,00:22:21.129,67,21,50/50,114,Spain,Regular Play,Italy,Andrea Cambiaso,Right Wing,"[3.8, 66.8]",2.1,True,['0555aef8-0255-4bdd-bab0-21a2cb03b59d'],"{'outcome': {'id': 3, 'name': 'Success To Team'}}",3930172,772,914,50729,,
bafab3bc-321d-461f-9a67-b3e1efcfe775,3430,2,00:42:28.333,87,28,50/50,153,Croatia,From Free Kick,Albania,Nedim Bajrami,Right Midfield,"[35.5, 61.3]",0.0,True,"['0c3f5e63-bde8-4938-a887-7a6d4d445f74', 'e5b8c652-ac20-4d56-88d3-fc2999108644']","{'outcome': {'id': 1, 'name': 'Lost'}}",3930167,785,906,32030,,
0c3f5e63-bde8-4938-a887-7a6d4d445f74,3431,2,00:42:28.333,87,28,50/50,153,Croatia,From Free Kick,Croatia,Martin Baturina,Left Wing,"[84.6, 18.8]",0.0,True,['bafab3bc-321d-461f-9a67-b3e1efcfe775'],"{'outcome': {'id': 4, 'name': 'Won'}}",3930167,785,785,63505,,
f738deb6-2b49-494a-b859-d3061c654521,3558,2,00:47:16.700,92,16,50/50,157,Albania,Regular Play,Croatia,Mateo Kovačić,Left Defensive Midfield,"[50.5, 31.0]",0.0,True,['d18bcc5d-bcb3-4c2b-86e9-c7e46035a715'],"{'outcome': {'id': 2, 'name': 'Success To Opposition'}}",3930167,906,785,5456,,
d18bcc5d-bcb3-4c2b-86e9-c7e46035a715,3559,2,00:47:16.700,92,16,50/50,157,Albania,Regular Play,Albania,Nedim Bajrami,Right Midfield,"[69.6, 49.1]",0.0,True,['f738deb6-2b49-494a-b859-d3061c654521'],"{'outcome': {'id': 1, 'name': 'Lost'}}",3930167,906,906,32030,,
cdec95ae-f271-4020-b402-97d7141bba5e,3672,2,00:51:42.362,96,42,50/50,162,Albania,Regular Play,Croatia,Ante Budimir,Center Forward,"[48.3, 43.0]",0.0,True,"['3d52c212-4534-4a00-b7f0-759a0cbb9d6a', 'ad2784e0-2946-49fd-853d-066bfd2cda49', 'ec55b92d-b40c-4aa5-97d4-f3c42a5ff6d7']","{'outcome': {'id': 1, 'name': 'Lost'}}",3930167,906,785,8654,,
ec55b92d-b40c-4aa5-97d4-f3c42a5ff6d7,3673,2,00:51:42.362,96,42,50/50,162,Albania,Regular Play,Albania,Klaus Gjasula,Right Defensive Midfield,"[71.8, 37.1]",0.0,True,['cdec95ae-f271-4020-b402-97d7141bba5e'],"{'outcome': {'id': 2, 'name': 'Success To Opposition'}}",3930167,906,906,9893,,
b6d20c29-c0b2-4750-9d19-82abc7eb875b,2124,2,00:04:16.718,49,16,50/50,79,Hungary,Regular Play,Hungary,András Schäfer,Left Defensive Midfield,"[105.2, 21.6]",0.0,True,"['13702708-fc8e-4279-8729-ca3e864c201d', 'f6870788-7c2d-41b5-a5ed-d8608712b111']","{'outcome': {'id': 1, 'name': 'Lost'}}",3930168,916,916,42822,,
13702708-fc8e-4279-8729-ca3e864c201d,2125,2,00:04:16.718,49,16,50/50,80,Germany,Regular Play,Germany,Robert Andrich,Right Defensive Midfield,"[14.9, 58.5]",0.0,True,['b6d20c29-c0b2-4750-9d19-82abc7eb875b'],"{'outcome': {'id': 4, 'name': 'Won'}}",3930168,770,770,9195,True,
9376e53a-aaff-46dd-b2f8-b4ab2ddc6b4e,162,1,00:03:18.104,3,18,50/50,10,Austria,Regular Play,France,Antoine Griezmann,Center Attacking Midfield,"[65.5, 70.8]",0.0,True,['db608ec1-4e9c-4a67-9e2f-388b8b1e2e6d'],"{'outcome': {'id': 1, 'name': 'Lost'}}",3930165,915,771,5487,True,
db608ec1-4e9c-4a67-9e2f-388b8b1e2e6d,163,1,00:03:18.104,3,18,50/50,10,Austria,Regular Play,Austria,Marcel Sabitzer,Left Wing,"[54.6, 9.3]",0.0,True,['9376e53a-aaff-46dd-b2f8-b4ab2ddc6b4e'],"{'outcome': {'id': 3, 'name': 'Success To Team'}}",3930165,915,915,8518,True,
a6c4d29b-f00b-4ade-9a2b-df507fdcd15c,536,1,00:12:06.606,12,6,50/50,24,France,Regular Play,Austria,Philipp Mwene,Left Back,"[41.4, 10.1]",0.0,True,['0ab3a721-2e57-4234-81fb-4ad45be686b9'],"{'outcome': {'id': 1, 'name': 'Lost'}}",3930165,771,915,13315,,
0ab3a721-2e57-4234-81fb-4ad45be686b9,537,1,00:12:06.606,12,6,50/50,24,France,Regular Play,France,Ousmane Dembélé,Right Wing,"[78.7, 70.0]",0.0,True,['a6c4d29b-f00b-4ade-9a2b-df507fdcd15c'],"{'outcome': {'id': 2, 'name': 'Success To Opposition'}}",3930165,771,771,5477,,
b54834d2-f34b-42e0-b013-446695e692eb,1046,1,00:26:30.343,26,30,50/50,50,France,From Throw In,Austria,Florian Grillitsch,Left Defensive Midfield,"[98.2, 60.3]",0.0,True,['522851ea-f5cb-4bae-91a9-f07910a0dce7'],"{'outcome': {'id': 1, 'name': 'Lost'}}",3930165,771,915,11396,,
522851ea-f5cb-4bae-91a9-f07910a0dce7,1047,1,00:26:30.343,26,30,50/50,50,France,From Throw In,France,Marcus Thuram,Left Wing,"[23.5, 20.4]",0.710554,True,['b54834d2-f34b-42e0-b013-446695e692eb'],"{'outcome': {'id': 3, 'name': 'Success To Team'}}",3930165,771,771,2972,True,
02f90289-98be-4512-820c-f08f9403a691,2349,2,00:14:59.067,59,59,50/50,113,Austria,From Keeper,Austria,Patrick Wimmer,Right Wing,"[96.5, 35.7]",0.0,True,['619fc82f-5aca-4384-9a13-3175694a9d1b'],"{'outcome': {'id': 1, 'name': 'Lost'}}",3930165,915,915,33297,,
619fc82f-5aca-4384-9a13-3175694a9d1b,2350,2,00:14:59.067,59,59,50/50,113,Austria,From Keeper,France,N'Golo Kanté,Right Defensive Midfield,"[23.6, 44.4]",0.0,True,['02f90289-98be-4512-820c-f08f9403a691'],"{'outcome': {'id': 3, 'name': 'Success To Team'}}",3930165,915,771,3961,,
a34d2f1f-9324-477f-8aa6-d1c51aa5ab2b,3486,2,00:49:00.739,94,0,50/50,165,France,Regular Play,Austria,Alexander Prass,Left Back,"[26.2, 8.7]",0.0,True,"['2d19ddf1-8f51-4c2b-9695-3e4aae9a9708', 'a95cc0c2-260b-4d0c-9a44-5cbd9526d2e1']","{'outcome': {'id': 1, 'name': 'Lost'}}",3930165,771,915,39545,,
a95cc0c2-260b-4d0c-9a44-5cbd9526d2e1,3487,2,00:49:00.739,94,0,50/50,165,France,Regular Play,France,Randal Kolo Muani,Right Midfield,"[93.9, 71.4]",0.0,True,['a34d2f1f-9324-477f-8aa6-d1c51aa5ab2b'],"{'outcome': {'id': 4, 'name': 'Won'}}",3930165,771,771,22097,,
fa347c82-d922-4c07-8274-46f3c144eb5d,2802,2,00:26:37.610,71,37,50/50,134,Belgium,Regular Play,Belgium,Jeremy Doku,Left Wing,"[104.2, 38.4]",0.0,True,"['94536dfe-7f8f-4b02-b567-542a25f187de', '9df74dc6-5c1a-47f4-960c-78a38495e837']","{'outcome': {'id': 1, 'name': 'Lost'}}",3930164,782,782,23650,,
9df74dc6-5c1a-47f4-960c-78a38495e837,2803,2,00:26:37.610,71,37,50/50,134,Belgium,Regular Play,Slovakia,Stanislav Lobotka,Center Defensive Midfield,"[15.9, 41.7]",0.0,True,['fa347c82-d922-4c07-8274-46f3c144eb5d'],"{'outcome': {'id': 4, 'name': 'Won'}}",3930164,782,908,6798,,
82ad4f63-2e1c-4179-90b0-4c6db0eb541f,1897,1,00:47:05.310,47,5,50/50,63,Italy,Regular Play,Albania,Jasir Asani,Right Wing,"[60.2, 72.1]",0.0,True,['c5b2c3ca-3b8b-4e24-8130-4d997e10e89e'],"{'outcome': {'id': 2, 'name': 'Success To Opposition'}}",3930161,914,906,41186,True,True
c5b2c3ca-3b8b-4e24-8130-4d997e10e89e,1898,1,00:47:05.310,47,5,50/50,63,Italy,Regular Play,Italy,Federico Dimarco,Left Back,"[59.9, 8.0]",0.0,True,['82ad4f63-2e1c-4179-90b0-4c6db0eb541f'],"{'outcome': {'id': 1, 'name': 'Lost'}}",3930161,914,914,12255,True,
0ffebab9-dc2f-4b29-a1b7-a8148d5ff4ed,3815,2,00:42:42.836,87,42,50/50,120,Italy,Regular Play,Albania,Qazim Laçi,Right Wing,"[75.4, 70.2]",0.0,True,['23589f49-39bb-48d3-bd80-050d479ef8ea'],"{'outcome': {'id': 2, 'name': 'Success To Opposition'}}",3930161,914,906,7531,,
23589f49-39bb-48d3-bd80-050d479ef8ea,3816,2,00:42:42.836,87,42,50/50,120,Italy,Regular Play,Italy,Riccardo Calafiori,Left Center Back,"[44.7, 9.9]",0.0,True,['0ffebab9-dc2f-4b29-a1b7-a8148d5ff4ed'],"{'outcome': {'id': 1, 'name': 'Lost'}}",3930161,914,914,41768,,
ad723df1-cce0-41af-bf65-84ead5bb6587,2342,2,00:14:53.950,59,53,50/50,95,Poland,From Corner,Poland,Piotr Zieliński,Right Center Midfield,"[104.8, 10.9]",0.0,True,"['6350bf68-3f3d-4c00-a805-c6d8479352fa', '64017a5d-e677-4a2f-9e1e-ae013cf68cf6']","{'outcome': {'id': 1, 'name': 'Lost'}}",3938637,789,789,5660,,
64017a5d-e677-4a2f-9e1e-ae013cf68cf6,2343,2,00:14:53.950,59,53,50/50,95,Poland,From Corner,Netherlands,Xavi Simons,Right Wing,"[15.3, 69.2]",0.0,True,['ad723df1-cce0-41af-bf65-84ead5bb6587'],"{'outcome': {'id': 4, 'name': 'Won'}}",3938637,789,941,39167,,
d4aa5b13-9db6-4c0a-b822-dbf516ee6a27,2993,2,00:33:03.219,78,3,50/50,133,Slovakia,From Throw In,Ukraine,Oleksandr Zubkov,Right Midfield,"[20.8, 76.6]",0.0,True,['46e9f5b3-7b99-4476-aa0b-ab66fa485ab5'],"{'outcome': {'id': 1, 'name': 'Lost'}}",3938640,908,911,31892,,
46e9f5b3-7b99-4476-aa0b-ab66fa485ab5,2994,2,00:33:03.219,78,3,50/50,133,Slovakia,From Throw In,Slovakia,Tomáš Suslov,Left Wing,"[99.3, 3.5]",0.0,True,['d4aa5b13-9db6-4c0a-b822-dbf516ee6a27'],"{'outcome': {'id': 2, 'name': 'Success To Opposition'}}",3938640,908,908,35653,,True
c7792ed7-39f0-40ea-8edc-04bbb02ad495,2031,2,00:10:41.245,55,41,50/50,101,Georgia,From Counter,Czech Republic,Ladislav Krejčí,Left Center Back,"[30.4, 27.1]",0.0,True,"['06146c94-cbca-4036-90c6-815176aed73e', '2cfa8626-3bd9-40ec-b83f-0d55cafcf577']","{'outcome': {'id': 1, 'name': 'Lost'}}",3938642,2138,912,28272,,
2cfa8626-3bd9-40ec-b83f-0d55cafcf577,2032,2,00:10:41.245,55,41,50/50,101,Georgia,From Counter,Georgia,Zuriko Davitashvili,Right Wing,"[89.7, 53.0]",0.0,True,['c7792ed7-39f0-40ea-8edc-04bbb02ad495'],"{'outcome': {'id': 4, 'name': 'Won'}}",3938642,2138,2138,44183,,
e4da6272-2b10-4615-9a90-a83d5c5ebce6,2400,2,00:23:59.114,68,59,50/50,126,Georgia,Other,Czech Republic,Vladimír Coufal,Right Wing Back,"[105.5, 22.7]",0.0,True,"['91f37058-40d8-484d-a7dc-98f21de3b87e', '9f1f3952-957b-48cb-b9b0-151c33b4001c']","{'outcome': {'id': 1, 'name': 'Lost'}}",3938642,2138,912,16570,,
91f37058-40d8-484d-a7dc-98f21de3b87e,2401,2,00:23:59.114,68,59,50/50,126,Georgia,Other,Georgia,Solomon Kverkvelia,Right Center Back,"[14.6, 57.4]",0.0,True,['e4da6272-2b10-4615-9a90-a83d5c5ebce6'],"{'outcome': {'id': 4, 'name': 'Won'}}",3938642,2138,2138,16005,True,
bb9cdccd-156b-4d44-bdfd-0aaeff599a6f,180,1,00:03:08.373,3,8,50/50,5,Turkey,From Throw In,Turkey,Barış Alper Yılmaz,Center Forward,"[100.6, 31.4]",0.0,True,['27e2dd7d-101f-475b-bbca-d0312e97dd69'],"{'outcome': {'id': 1, 'name': 'Lost'}}",3938639,909,909,134209,,
27e2dd7d-101f-475b-bbca-d0312e97dd69,181,1,00:03:08.373,3,8,50/50,5,Turkey,From Throw In,Georgia,Anzor Mekvabishvili,Center Defensive Midfield,"[19.5, 48.7]",0.0,True,['bb9cdccd-156b-4d44-bdfd-0aaeff599a6f'],"{'outcome': {'id': 3, 'name': 'Success To Team'}}",3938639,909,2138,264017,,
ec85dd8c-9ceb-44b4-a6e2-bdd74722e00c,216,1,00:03:59.867,3,59,50/50,7,Turkey,Regular Play,Turkey,Hakan Çalhanoğlu,Right Defensive Midfield,"[64.3, 27.5]",0.0,True,['882bbdb5-a2a9-4e8e-9c82-40c2c859a886'],"{'outcome': {'id': 1, 'name': 'Lost'}}",3938639,909,909,7039,,
882bbdb5-a2a9-4e8e-9c82-40c2c859a886,217,1,00:03:59.867,3,59,50/50,7,Turkey,Regular Play,Georgia,Otar Kakabadze,Right Wing Back,"[55.8, 52.6]",0.0,True,['ec85dd8c-9ceb-44b4-a6e2-bdd74722e00c'],"{'outcome': {'id': 3, 'name': 'Success To Team'}}",3938639,909,2138,25036,,
0153258b-0206-4fb1-87d1-c38aa9185dc0,1479,1,00:34:12.125,34,12,50/50,54,Georgia,Regular Play,Turkey,Kenan Yildiz,Left Wing,"[68.7, 17.5]",0.0,True,"['e563e08b-bedc-4afc-8a8b-604e0698fda5', 'f0b47816-8463-4588-a1c2-a3b40eca91b2']","{'outcome': {'id': 1, 'name': 'Lost'}}",3938639,2138,909,151813,,
f0b47816-8463-4588-a1c2-a3b40eca91b2,1480,1,00:34:12.125,34,12,50/50,54,Georgia,Regular Play,Georgia,Anzor Mekvabishvili,Center Defensive Midfield,"[51.4, 62.6]",0.0,True,['0153258b-0206-4fb1-87d1-c38aa9185dc0'],"{'outcome': {'id': 4, 'name': 'Won'}}",3938639,2138,2138,264017,,
d37c413c-0949-44f7-a958-8579821893c2,3234,2,00:29:09.509,74,9,50/50,124,Georgia,Regular Play,Turkey,Ferdi Erenay Kadıoğlu,Left Back,"[15.6, 4.3]",0.0,True,['449d687a-1f10-42f2-b7c7-7612d6df9d16'],"{'outcome': {'id': 1, 'name': 'Lost'}}",3938639,2138,909,30438,True,
449d687a-1f10-42f2-b7c7-7612d6df9d16,3235,2,00:29:09.509,74,9,50/50,124,Georgia,Regular Play,Georgia,Anzor Mekvabishvili,Right Defensive Midfield,"[104.5, 75.8]",0.0,True,['d37c413c-0949-44f7-a958-8579821893c2'],"{'outcome': {'id': 3, 'name': 'Success To Team'}}",3938639,2138,2138,264017,True,True
b786799a-2bf0-48cb-9c26-fc3edc11b77c,1672,1,00:42:12.979,42,12,50/50,88,Poland,From Throw In,Poland,Piotr Zieliński,Right Center Midfield,"[51.7, 72.1]",0.397348,True,['5896c673-83d2-4bb9-b1cc-08c24b846964'],"{'outcome': {'id': 1, 'name': 'Lost'}}",3938641,789,789,5660,,
5896c673-83d2-4bb9-b1cc-08c24b846964,1673,1,00:42:12.979,42,12,50/50,88,Poland,From Throw In,Austria,Florian Grillitsch,Left Defensive Midfield,"[68.4, 8.0]",0.323759,True,['b786799a-2bf0-48cb-9c26-fc3edc11b77c'],"{'outcome': {'id': 3, 'name': 'Success To Team'}}",3938641,789,915,11396,,
93866cdf-72ed-4452-bb7f-3728baba512d,33,1,00:00:17.976,0,17,50/50,4,Portugal,Regular Play,Georgia,Giorgi Chakvetadze,Right Center Midfield,"[42.6, 75.8]",0.0,True,"['11ac47ee-32d2-47ea-83dc-cf102179d3b1', '40a3c311-0e37-4710-a34e-81383d718e3c']","{'outcome': {'id': 1, 'name': 'Lost'}}",3938644,780,2138,23646,,
40a3c311-0e37-4710-a34e-81383d718e3c,34,1,00:00:17.976,0,17,50/50,4,Portugal,Regular Play,Portugal,Pedro Lomba Neto,Left Wing Back,"[77.5, 4.3]",0.0,True,['93866cdf-72ed-4452-bb7f-3728baba512d'],"{'outcome': {'id': 4, 'name': 'Won'}}",3938644,780,780,23256,,
5b280020-f6c5-4bb2-b74a-f88106714bd9,197,1,00:03:58.043,3,58,50/50,7,Georgia,From Throw In,Portugal,João Félix Sequeira,Left Attacking Midfield,"[94.7, 48.5]",0.0,True,"['2c73a60a-fa35-4758-baa2-8b9d5f7fb161', 'a8597472-5608-466f-8def-9436d216b756']","{'outcome': {'id': 1, 'name': 'Lost'}}",3938644,2138,780,12041,,
2c73a60a-fa35-4758-baa2-8b9d5f7fb161,198,1,00:03:58.043,3,58,50/50,7,Georgia,From Throw In,Georgia,Guram Kashia,Center Back,"[25.4, 31.6]",0.0,True,['5b280020-f6c5-4bb2-b74a-f88106714bd9'],"{'outcome': {'id': 4, 'name': 'Won'}}",3938644,2138,2138,7839,True,
d3142624-cb2b-4297-af7d-83244c75c11c,887,1,00:18:36.939,18,36,50/50,30,Portugal,Regular Play,Portugal,Francisco Fernandes Conceição,Right Attacking Midfield,"[83.3, 67.4]",0.0,True,['2902abd9-576d-44e0-b135-1d7c828993bf'],"{'outcome': {'id': 1, 'name': 'Lost'}}",3938644,780,780,39624,,
2902abd9-576d-44e0-b135-1d7c828993bf,888,1,00:18:36.939,18,36,50/50,30,Portugal,Regular Play,Georgia,Giorgi Kochorashvili,Left Center Midfield,"[36.8, 12.7]",1.496043,True,['d3142624-cb2b-4297-af7d-83244c75c11c'],"{'outcome': {'id': 3, 'name': 'Success To Team'}}",3938644,780,2138,41202,,
a50e6f76-ce4c-4a54-a488-e05446188d98,1349,1,00:29:50.190,29,50,50/50,44,Portugal,Regular Play,Georgia,Giorgi Chakvetadze,Right Center Midfield,"[19.2, 20.1]",0.009415,True,['bbdb39a5-3b79-453d-9031-845e350abc87'],"{'outcome': {'id': 1, 'name': 'Lost'}}",3938644,780,2138,23646,,
bbdb39a5-3b79-453d-9031-845e350abc87,1350,1,00:29:50.190,29,50,50/50,44,Portugal,Regular Play,Portugal,João Neves,Right Defensive Midfield,"[100.9, 60.0]",0.0,True,['a50e6f76-ce4c-4a54-a488-e05446188d98'],"{'outcome': {'id': 3, 'name': 'Success To Team'}}",3938644,780,780,143859,True,
d1374cbe-fd03-4009-9d51-1f10390ddb62,1468,1,00:32:19.678,32,19,50/50,48,Georgia,From Free Kick,Portugal,Pedro Lomba Neto,Left Wing Back,"[5.0, 9.4]",0.0,True,"['43368563-8c54-4c34-89dc-e6d6f1c7cc28', '61bc337e-20ed-4f9f-9e44-6573eea220ec']","{'outcome': {'id': 1, 'name': 'Lost'}}",3938644,2138,780,23256,,
61bc337e-20ed-4f9f-9e44-6573eea220ec,1469,1,00:32:19.678,32,19,50/50,48,Georgia,From Free Kick,Georgia,Otar Kakabadze,Right Wing Back,"[115.1, 70.7]",0.0,True,['d1374cbe-fd03-4009-9d51-1f10390ddb62'],"{'outcome': {'id': 4, 'name': 'Won'}}",3938644,2138,2138,25036,,
f9d3851e-a365-4173-88df-cc831cb714ee,1607,1,00:35:59.688,35,59,50/50,53,Portugal,From Goal Kick,Georgia,Georges Mikautadze,Right Center Forward,"[29.5, 46.9]",0.0,True,"['09e59500-6519-4e9e-b1e5-d205b8e3bd22', '9f7cfa3b-c6b4-414d-b808-921f532a2f9d']","{'outcome': {'id': 1, 'name': 'Lost'}}",3938644,780,2138,33234,,
09e59500-6519-4e9e-b1e5-d205b8e3bd22,1608,1,00:35:59.688,35,59,50/50,53,Portugal,From Goal Kick,Portugal,João Maria Lobo Alves Palhinha Gonçalves,Left Defensive Midfield,"[90.6, 33.2]",0.0,True,['f9d3851e-a365-4173-88df-cc831cb714ee'],"{'outcome': {'id': 4, 'name': 'Won'}}",3938644,780,780,12169,,
2dc9ee7e-9fb7-47ab-9b7b-5976d3c5d4da,1857,1,00:42:36.445,42,36,50/50,65,Portugal,From Free Kick,Georgia,Khvicha Kvaratskhelia,Left Center Forward,"[55.4, 32.4]",0.0,True,['45077df7-84a6-410a-921f-0cb197a64fbc'],"{'outcome': {'id': 1, 'name': 'Lost'}}",3938644,780,2138,38229,,
45077df7-84a6-410a-921f-0cb197a64fbc,1858,1,00:42:36.445,42,36,50/50,65,Portugal,From Free Kick,Portugal,João Maria Lobo Alves Palhinha Gonçalves,Left Defensive Midfield,"[64.7, 47.7]",0.0,True,['2dc9ee7e-9fb7-47ab-9b7b-5976d3c5d4da'],"{'outcome': {'id': 3, 'name': 'Success To Team'}}",3938644,780,780,12169,,
77d94c1c-16e3-499d-af27-6332d709a68c,1903,1,00:43:33.390,43,33,50/50,67,Portugal,Regular Play,Georgia,Khvicha Kvaratskhelia,Left Center Forward,"[63.2, 19.2]",0.0,True,['5736e0db-39fd-442f-9917-a4e4f21ad225'],"{'outcome': {'id': 1, 'name': 'Lost'}}",3938644,780,2138,38229,True,
5736e0db-39fd-442f-9917-a4e4f21ad225,1904,1,00:43:33.390,43,33,50/50,67,Portugal,Regular Play,Portugal,João Neves,Right Defensive Midfield,"[56.9, 60.9]",0.0,True,['77d94c1c-16e3-499d-af27-6332d709a68c'],"{'outcome': {'id': 3, 'name': 'Success To Team'}}",3938644,780,780,143859,,
9f221086-a76b-4378-8ea2-246de2412c3e,1918,1,00:44:33.967,44,33,50/50,68,Georgia,From Free Kick,Portugal,João Neves,Right Defensive Midfield,"[42.1, 26.2]",0.0,True,['4bd50d67-c603-4219-bb91-d0d120ace654'],"{'outcome': {'id': 1, 'name': 'Lost'}}",3938644,2138,780,143859,,
4bd50d67-c603-4219-bb91-d0d120ace654,1919,1,00:44:33.967,44,33,50/50,68,Georgia,From Free Kick,Georgia,Giorgi Chakvetadze,Right Center Midfield,"[78.0, 53.9]",0.0,True,['9f221086-a76b-4378-8ea2-246de2412c3e'],"{'outcome': {'id': 3, 'name': 'Success To Team'}}",3938644,2138,2138,23646,,
4910d642-4291-44fd-b072-41e49c8533ce,2022,1,00:46:55.566,46,55,50/50,76,Georgia,Regular Play,Portugal,João Neves,Right Defensive Midfield,"[105.2, 77.9]",0.0,True,"['a72e4886-0760-45c5-890d-74a2d1e96c26', 'da0258e3-0be5-421b-9b1e-85c2ec38d850']","{'outcome': {'id': 1, 'name': 'Lost'}}",3938644,2138,780,143859,True,
a72e4886-0760-45c5-890d-74a2d1e96c26,2023,1,00:46:55.566,46,55,50/50,76,Georgia,Regular Play,Georgia,Giorgi Kochorashvili,Left Center Midfield,"[14.9, 2.2]",0.0,True,['4910d642-4291-44fd-b072-41e49c8533ce'],"{'outcome': {'id': 4, 'name': 'Won'}}",3938644,2138,2138,41202,,
f8403697-fa27-4a69-af07-f0b8fcb4a5f5,332,1,00:06:26.996,6,26,50/50,12,Poland,Regular Play,Poland,Jakub Moder,Center Defensive Midfield,"[69.1, 66.3]",0.0,True,['635a81b9-fb18-40c6-85cb-06564e4363c6'],"{'outcome': {'id': 2, 'name': 'Success To Opposition'}}",3938643,789,789,29480,,True
635a81b9-fb18-40c6-85cb-06564e4363c6,333,1,00:06:26.996,6,26,50/50,12,Poland,Regular Play,France,Theo Bernard François Hernández,Left Back,"[51.0, 13.8]",0.0,True,['f8403697-fa27-4a69-af07-f0b8fcb4a5f5'],"{'outcome': {'id': 1, 'name': 'Lost'}}",3938643,789,771,6704,,
febc1fdf-0cf5-41ce-b0ea-3c36360bb0c8,1489,1,00:34:05.815,34,5,50/50,56,France,From Goal Kick,Poland,Sebastian Szymański,Right Center Midfield,"[38.0, 70.1]",0.0,True,['6d73caa7-51d7-4230-9175-5a63488f7690'],"{'outcome': {'id': 1, 'name': 'Lost'}}",3938643,771,789,4664,,
589df61b-7d7f-4af4-99bb-50797f0f7a65,2410,2,00:12:11.745,57,11,50/50,101,France,Regular Play,Poland,Kacper Urbanski,Right Center Forward,"[107.3, 14.1]",0.0,True,['ca590e15-5475-48d5-a986-427000333e43'],"{'outcome': {'id': 1, 'name': 'Lost'}}",3938643,771,789,33680,,
ca590e15-5475-48d5-a986-427000333e43,2411,2,00:12:11.745,57,11,50/50,101,France,Regular Play,France,N'Golo Kanté,Right Center Midfield,"[12.8, 66.0]",0.0,True,['589df61b-7d7f-4af4-99bb-50797f0f7a65'],"{'outcome': {'id': 3, 'name': 'Success To Team'}}",3938643,771,771,3961,,True
8fb2bc69-de98-4aab-8885-ec32d87e5f53,2482,2,00:23:35.079,68,35,50/50,110,Romania,Regular Play,Romania,Valentin Mihai Mihăilă,Left Midfield,"[50.1, 63.2]",0.0,True,['2af724ac-7b7f-4e41-b779-8dd478949990'],"{'outcome': {'id': 1, 'name': 'Lost'}}",3938638,905,905,72512,,
2af724ac-7b7f-4e41-b779-8dd478949990,2483,2,00:23:35.079,68,35,50/50,110,Romania,Regular Play,Ukraine,Mykola Matvienko,Left Center Back,"[70.0, 16.9]",1.626743,True,['8fb2bc69-de98-4aab-8885-ec32d87e5f53'],"{'outcome': {'id': 3, 'name': 'Success To Team'}}",3938638,905,911,18617,,
ba04fab0-f22f-41e1-a457-217283fe7922,2135,2,00:16:50.488,61,50,50/50,112,Slovakia,From Throw In,Romania,Ianis Hagi,Right Midfield,"[14.5, 57.2]",0.0,True,"['500726d1-c572-4518-b34d-853d85e9390d', '5986f1f9-357c-490e-b1b9-4092426eb195']","{'outcome': {'id': 1, 'name': 'Lost'}}",3930183,908,905,28565,,
5986f1f9-357c-490e-b1b9-4092426eb195,2136,2,00:16:50.488,61,50,50/50,112,Slovakia,From Throw In,Slovakia,Dávid Hancko,Left Back,"[105.6, 22.9]",0.0,True,['ba04fab0-f22f-41e1-a457-217283fe7922'],"{'outcome': {'id': 4, 'name': 'Won'}}",3930183,908,908,16879,,
6fcc31e0-61dc-40f9-bd5b-632b9bd9b4ce,1183,1,00:27:53.140,27,53,50/50,46,England,Regular Play,Slovenia,Petar Stojanović,Right Midfield,"[29.6, 33.1]",0.0,True,['af1542b9-37ec-41e4-a661-ce04757f34b6'],"{'outcome': {'id': 1, 'name': 'Lost'}}",3930181,768,944,16528,,
af1542b9-37ec-41e4-a661-ce04757f34b6,1184,1,00:27:53.140,27,53,50/50,46,England,Regular Play,England,Declan Rice,Left Defensive Midfield,"[90.5, 47.0]",1.86241,True,['6fcc31e0-61dc-40f9-bd5b-632b9bd9b4ce'],"{'outcome': {'id': 3, 'name': 'Success To Team'}}",3930181,768,768,3943,,
03dce968-652f-4137-acf6-d7242c578af6,2927,2,00:25:49.807,70,49,50/50,99,Slovenia,Regular Play,Slovenia,Benjamin Šeško,Left Center Forward,"[55.0, 25.6]",0.0,True,"['b545341e-1292-4e82-ada9-150a65f7cf74', 'ef378fe0-d203-49f6-935d-292c54c706a5']","{'outcome': {'id': 1, 'name': 'Lost'}}",3930181,944,944,38759,,
ef378fe0-d203-49f6-935d-292c54c706a5,2928,2,00:25:49.807,70,49,50/50,100,England,Regular Play,England,Kobbie Mainoo,Right Defensive Midfield,"[65.1, 54.5]",0.0,True,['03dce968-652f-4137-acf6-d7242c578af6'],"{'outcome': {'id': 4, 'name': 'Won'}}",3930181,768,768,99174,True,
e73cc8bb-e87f-4e16-ae44-522df074e350,3286,2,00:36:18.391,81,18,50/50,114,England,Other,England,Declan Rice,Left Defensive Midfield,"[87.3, 49.4]",0.0,True,['5d5d595f-5e55-4c6d-9e57-42283c446041'],"{'outcome': {'id': 1, 'name': 'Lost'}}",3930181,768,768,3943,,
5d5d595f-5e55-4c6d-9e57-42283c446041,3287,2,00:36:18.391,81,18,50/50,114,England,Other,Slovenia,Josip Iličić,Left Center Forward,"[32.8, 30.7]",0.0,True,['e73cc8bb-e87f-4e16-ae44-522df074e350'],"{'outcome': {'id': 3, 'name': 'Success To Team'}}",3930181,768,944,7139,,
c8d352e6-2d99-4b89-9ef2-e40e62838797,256,1,00:05:00.828,5,0,50/50,7,Italy,Regular Play,Croatia,Luka Modrić,Right Center Midfield,"[85.6, 21.7]",0.0,True,['e920261e-a1f2-465a-86a6-ec25f1478fb5'],"{'outcome': {'id': 1, 'name': 'Lost'}}",3930178,914,785,5463,True,
e920261e-a1f2-465a-86a6-ec25f1478fb5,257,1,00:05:00.828,5,0,50/50,7,Italy,Regular Play,Italy,Mateo Retegui,Left Center Forward,"[34.5, 58.4]",0.0,True,['c8d352e6-2d99-4b89-9ef2-e40e62838797'],"{'outcome': {'id': 3, 'name': 'Success To Team'}}",3930178,914,914,31093,True,
c4d5d695-60dd-4f4e-b3c4-ac05aed9143c,260,1,00:05:02.939,5,2,50/50,7,Italy,Regular Play,Croatia,Marcelo Brozović,Center Defensive Midfield,"[83.4, 26.2]",0.0,True,['df8ee7cc-e76c-443a-bab3-1ef4163dd0dd'],"{'outcome': {'id': 1, 'name': 'Lost'}}",3930178,914,785,5469,True,
df8ee7cc-e76c-443a-bab3-1ef4163dd0dd,261,1,00:05:02.939,5,2,50/50,7,Italy,Regular Play,Italy,Jorge Luiz Frello Filho,Center Defensive Midfield,"[36.7, 53.9]",0.0,True,['c4d5d695-60dd-4f4e-b3c4-ac05aed9143c'],"{'outcome': {'id': 3, 'name': 'Success To Team'}}",3930178,914,914,7024,,
75038b07-fe21-4668-a35b-d56c2919aa1a,585,1,00:09:33.901,9,33,50/50,13,Italy,Regular Play,Croatia,Andrej Kramarić,Center Forward,"[96.6, 23.9]",0.429181,True,"['40096010-c50c-4207-8eb6-4953cf685f21', 'e6686154-9d50-4cde-bf6c-849d5667fdef']","{'outcome': {'id': 1, 'name': 'Lost'}}",3930178,914,785,5460,,
40096010-c50c-4207-8eb6-4953cf685f21,586,1,00:09:33.901,9,33,50/50,13,Italy,Regular Play,Italy,Matteo Darmian,Right Center Back,"[23.5, 56.2]",0.0,True,['75038b07-fe21-4668-a35b-d56c2919aa1a'],"{'outcome': {'id': 4, 'name': 'Won'}}",3930178,914,914,4587,,
211b635f-f82a-481a-ae24-d338ccac3a26,1375,1,00:28:38.943,28,38,50/50,38,Croatia,From Free Kick,Croatia,Mateo Kovačić,Left Center Midfield,"[86.6, 21.1]",0.0,True,['ebae35e3-908c-4674-92a5-74f72d8420cb'],"{'outcome': {'id': 1, 'name': 'Lost'}}",3930178,785,785,5456,,
ebae35e3-908c-4674-92a5-74f72d8420cb,1376,1,00:28:38.943,28,38,50/50,38,Croatia,From Free Kick,Italy,Jorge Luiz Frello Filho,Center Defensive Midfield,"[33.5, 59.0]",0.0,True,['211b635f-f82a-481a-ae24-d338ccac3a26'],"{'outcome': {'id': 3, 'name': 'Success To Team'}}",3930178,785,914,7024,,
37ecbdb1-36c4-44f9-a527-3986a7b19ba0,1791,1,00:37:25.142,37,25,50/50,52,Italy,From Goal Kick,Croatia,Marcelo Brozović,Center Defensive Midfield,"[64.0, 21.2]",0.031215,True,['de6c42be-0eec-4376-ba6d-a793617c56d9'],"{'outcome': {'id': 2, 'name': 'Success To Opposition'}}",3930178,914,785,5469,,
de6c42be-0eec-4376-ba6d-a793617c56d9,1792,1,00:37:25.142,37,25,50/50,52,Italy,From Goal Kick,Italy,Jorge Luiz Frello Filho,Center Defensive Midfield,"[54.8, 57.4]",0.0,True,['37ecbdb1-36c4-44f9-a527-3986a7b19ba0'],"{'outcome': {'id': 1, 'name': 'Lost'}}",3930178,914,914,7024,,
924ad29b-09ed-4095-b198-4e9036ce05b7,2076,1,00:42:56.563,42,56,50/50,63,Italy,From Throw In,Italy,Federico Dimarco,Left Wing Back,"[38.1, 6.7]",0.0,True,"['645e277e-594a-4d53-9ef9-3775b28c1002', 'c0c60f4f-6c4f-4637-ac04-ddbb46238211']","{'outcome': {'id': 1, 'name': 'Lost'}}",3930178,914,914,12255,,
645e277e-594a-4d53-9ef9-3775b28c1002,2077,1,00:42:56.563,42,56,50/50,63,Italy,From Throw In,Croatia,Luka Sučić,Right Wing,"[82.0, 73.4]",0.0,True,['924ad29b-09ed-4095-b198-4e9036ce05b7'],"{'outcome': {'id': 4, 'name': 'Won'}}",3930178,914,785,39490,,
5648d340-c252-4b89-ba70-ed7d760e6091,3269,2,00:31:36.160,76,36,50/50,103,Italy,From Throw In,Croatia,Marcelo Brozović,Center Defensive Midfield,"[30.2, 21.9]",0.0,True,['691c8500-2f48-4653-ad72-2cdbf29ef2f8'],"{'outcome': {'id': 1, 'name': 'Lost'}}",3930178,914,785,5469,,
691c8500-2f48-4653-ad72-2cdbf29ef2f8,3270,2,00:31:36.160,76,36,50/50,103,Italy,From Throw In,Italy,Nicolò Barella,Left Center Midfield,"[89.9, 58.2]",0.973722,True,['5648d340-c252-4b89-ba70-ed7d760e6091'],"{'outcome': {'id': 3, 'name': 'Success To Team'}}",3930178,914,914,8181,True,
02c23179-0a8a-4b3c-84c8-30c3aefa9dc0,3860,2,00:48:42.238,93,42,50/50,133,Croatia,From Throw In,Italy,Nicolò Fagioli,Center Defensive Midfield,"[26.7, 63.7]",0.0,True,['08513639-a78f-48c6-9e2e-67d006305ad3'],"{'outcome': {'id': 1, 'name': 'Lost'}}",3930178,785,914,38909,,
08513639-a78f-48c6-9e2e-67d006305ad3,3861,2,00:48:42.238,93,42,50/50,133,Croatia,From Throw In,Croatia,Luka Ivanušec,Left Center Midfield,"[93.4, 16.4]",0.0,True,['02c23179-0a8a-4b3c-84c8-30c3aefa9dc0'],"{'outcome': {'id': 3, 'name': 'Success To Team'}}",3930178,785,785,28368,,
c8066c9a-cad5-4b88-a83b-016983b776f6,135,1,00:03:34.189,3,34,50/50,8,Switzerland,From Throw In,Germany,Robert Andrich,Right Defensive Midfield,"[21.4, 22.8]",0.0,True,"['4d7365bc-11db-40c8-83d9-da39eb69ff87', '77b2290d-0714-4d1a-a0c0-4c74bd43707e']","{'outcome': {'id': 1, 'name': 'Lost'}}",3930176,773,770,9195,,
4d7365bc-11db-40c8-83d9-da39eb69ff87,136,1,00:03:34.189,3,34,50/50,8,Switzerland,From Throw In,Switzerland,Breel-Donald Embolo,Center Forward,"[98.7, 57.3]",0.0,True,['c8066c9a-cad5-4b88-a83b-016983b776f6'],"{'outcome': {'id': 4, 'name': 'Won'}}",3930176,773,773,5545,,
beb8c8a0-93cd-435b-9f74-9599e269c51a,324,1,00:06:53.946,6,53,50/50,19,Germany,Regular Play,Germany,Florian Wirtz,Left Wing,"[86.3, 65.3]",0.0,True,"['3048f068-bada-4447-94bf-a4c0779877e9', 'c8e85ada-fe1b-4342-9285-17990567a97d']","{'outcome': {'id': 1, 'name': 'Lost'}}",3930176,770,770,40724,,
c8e85ada-fe1b-4342-9285-17990567a97d,325,1,00:06:53.946,6,53,50/50,19,Germany,Regular Play,Switzerland,Dan Ndoye,Left Attacking Midfield,"[33.8, 14.8]",0.0,True,['beb8c8a0-93cd-435b-9f74-9599e269c51a'],"{'outcome': {'id': 4, 'name': 'Won'}}",3930176,770,773,45190,,
d9c7d363-c4c3-4ce4-a14d-93ee88c7a854,455,1,00:11:03.469,11,3,50/50,26,Belgium,Regular Play,Romania,Denis Mihai Drăguş,Center Forward,"[36.0, 19.5]",0.0,True,['bc52a920-2e9e-445e-a8c3-9953884a6b99'],"{'outcome': {'id': 2, 'name': 'Success To Opposition'}}",3930175,782,905,31193,,True
bc52a920-2e9e-445e-a8c3-9953884a6b99,456,1,00:11:03.469,11,3,50/50,26,Belgium,Regular Play,Belgium,Timothy Castagne,Right Back,"[84.1, 60.6]",0.0,True,['d9c7d363-c4c3-4ce4-a14d-93ee88c7a854'],"{'outcome': {'id': 1, 'name': 'Lost'}}",3930175,782,782,6989,,
a317bc52-0b59-446a-a10a-e365cd534745,783,1,00:22:15.696,22,15,50/50,47,Belgium,From Free Kick,Belgium,Romelu Lukaku Menama,Center Forward,"[104.2, 32.7]",0.0,True,['a72d7c71-2e78-4cc0-a173-b1b760a9dc7c'],"{'outcome': {'id': 1, 'name': 'Lost'}}",3930175,782,782,3289,,
a72d7c71-2e78-4cc0-a173-b1b760a9dc7c,784,1,00:22:15.696,22,15,50/50,47,Belgium,From Free Kick,Romania,Marius Mihai Marin,Center Defensive Midfield,"[15.9, 47.4]",0.0,True,['a317bc52-0b59-446a-a10a-e365cd534745'],"{'outcome': {'id': 2, 'name': 'Success To Opposition'}}",3930175,782,905,30913,,
e2bd7cff-4428-4e06-9abc-1e54d5aa83b0,2124,2,00:06:11.001,51,11,50/50,83,Portugal,Regular Play,Portugal,Bruno Miguel Borges Fernandes,Center Attacking Midfield,"[102.1, 75.0]",0.0,True,"['1c5201b5-7b62-4590-b54c-34ab47649e04', '36f5158e-f992-40be-9e1e-58df56df71db']","{'outcome': {'id': 1, 'name': 'Lost'}}",3930174,780,780,5204,True,
36f5158e-f992-40be-9e1e-58df56df71db,2125,2,00:06:11.001,51,11,50/50,83,Portugal,Regular Play,Turkey,Ferdi Erenay Kadıoğlu,Left Back,"[18.0, 5.1]",0.0,True,['e2bd7cff-4428-4e06-9abc-1e54d5aa83b0'],"{'outcome': {'id': 4, 'name': 'Won'}}",3930174,780,909,30438,,
a4f0f867-544f-4fe7-9efd-5e3e66cde892,179,1,00:03:20.023,3,20,50/50,9,Serbia,From Throw In,Serbia,Saša Lukić,Left Defensive Midfield,"[34.0, 36.1]",0.0,True,['5e1f2c10-20fa-49b4-b3fa-ac72892ef207'],"{'outcome': {'id': 1, 'name': 'Lost'}}",3930170,786,786,6687,,
5e1f2c10-20fa-49b4-b3fa-ac72892ef207,180,1,00:03:20.023,3,20,50/50,9,Serbia,From Throw In,Slovenia,Andraž Šporar,Right Center Forward,"[86.1, 44.0]",0.0,True,['a4f0f867-544f-4fe7-9efd-5e3e66cde892'],"{'outcome': {'id': 3, 'name': 'Success To Team'}}",3930170,786,944,31866,,
946b4ddd-4231-400a-8982-8c815b2b93a9,856,1,00:27:26.361,27,26,50/50,57,Switzerland,From Throw In,Switzerland,Ruben Vargas,Left Center Forward,"[94.3, 15.8]",0.0,True,['0fcd8edb-8bc0-4dc7-8cf1-b7a8ff07e63e'],"{'outcome': {'id': 1, 'name': 'Lost'}}",3930169,773,773,30401,,
0fcd8edb-8bc0-4dc7-8cf1-b7a8ff07e63e,857,1,00:27:26.361,27,26,50/50,57,Switzerland,From Throw In,Scotland,Anthony Ralston,Right Wing Back,"[25.8, 64.3]",0.0,True,['946b4ddd-4231-400a-8982-8c815b2b93a9'],"{'outcome': {'id': 2, 'name': 'Success To Opposition'}}",3930169,773,942,22308,,
47963fb7-2ef3-4618-b63d-0e0f88a45c35,1169,1,00:36:17.079,36,17,50/50,73,Scotland,Regular Play,Switzerland,Xherdan Shaqiri,Center Attacking Midfield,"[57.7, 41.1]",0.258926,True,['4fbe0350-ae94-46c9-81e5-cee86837d5a2'],"{'outcome': {'id': 1, 'name': 'Lost'}}",3930169,942,773,3533,,
4fbe0350-ae94-46c9-81e5-cee86837d5a2,1170,1,00:36:17.079,36,17,50/50,73,Scotland,Regular Play,Scotland,Callum McGregor,Left Defensive Midfield,"[62.4, 39.0]",0.0,True,['47963fb7-2ef3-4618-b63d-0e0f88a45c35'],"{'outcome': {'id': 3, 'name': 'Success To Team'}}",3930169,942,942,10534,,
38f7679f-dc88-4a62-9ce3-c1c095eb3983,1197,1,00:36:41.457,36,41,50/50,73,Scotland,Regular Play,Switzerland,Ricardo Iván Rodríguez Araya,Left Center Back,"[24.0, 17.7]",0.0,True,"['0873287f-0648-457b-a63d-b3353955d989', '4fca7091-fbed-4f30-9f2c-c4df5cd6c4a5']","{'outcome': {'id': 1, 'name': 'Lost'}}",3930169,942,773,5544,,
0873287f-0648-457b-a63d-b3353955d989,1198,1,00:36:41.457,36,41,50/50,73,Scotland,Regular Play,Scotland,Che Adams,Right Center Forward,"[96.1, 62.4]",0.0,True,['38f7679f-dc88-4a62-9ce3-c1c095eb3983'],"{'outcome': {'id': 4, 'name': 'Won'}}",3930169,942,942,9466,,
25633b58-a111-4bf7-9744-e12535f10ebd,2882,2,00:41:59.912,86,59,50/50,168,Switzerland,Regular Play,Scotland,Scott McTominay,Center Attacking Midfield,"[50.4, 15.2]",0.842489,True,['26f727a9-d7ce-4402-a76c-e5b359413fe6'],"{'outcome': {'id': 1, 'name': 'Lost'}}",3930169,773,942,3620,,
26f727a9-d7ce-4402-a76c-e5b359413fe6,2883,2,00:41:59.912,86,59,50/50,168,Switzerland,Regular Play,Switzerland,Vincent Sierro,Right Defensive Midfield,"[69.7, 64.9]",0.0,True,['25633b58-a111-4bf7-9744-e12535f10ebd'],"{'outcome': {'id': 3, 'name': 'Success To Team'}}",3930169,773,773,11457,,
5dee897a-c11f-407d-b691-f2b43c65188d,2252,2,00:07:45.427,52,45,50/50,91,Portugal,Regular Play,Czech Republic,Pavel Šulc,Right Attacking Midfield,"[34.9, 69.3]",0.0,True,['3c2fa9a0-da98-41b9-9764-02e1559e4fdb'],"{'outcome': {'id': 2, 'name': 'Success To Opposition'}}",3930166,780,912,28227,,True
3c2fa9a0-da98-41b9-9764-02e1559e4fdb,2253,2,00:07:45.427,52,45,50/50,91,Portugal,Regular Play,Portugal,Nuno Mendes,Left Center Back,"[85.2, 10.8]",0.0,True,['5dee897a-c11f-407d-b691-f2b43c65188d'],"{'outcome': {'id': 1, 'name': 'Lost'}}",3930166,780,780,41092,,
7a8b0aa8-e738-410c-9829-f30e96f274e1,208,1,00:04:04.077,4,4,50/50,6,Denmark,From Throw In,Slovenia,Jan Mlakar,Left Midfield,"[53.3, 17.0]",0.0,True,"['672a8f9f-f7e4-42a1-95e3-96118e1ad862', '82c5c399-89bb-41d8-a588-68c9c21132ac']","{'outcome': {'id': 1, 'name': 'Lost'}}",3930162,776,944,31089,,
82c5c399-89bb-41d8-a588-68c9c21132ac,209,1,00:04:04.077,4,4,50/50,6,Denmark,From Throw In,Denmark,Pierre-Emile Højbjerg,Left Defensive Midfield,"[66.8, 63.1]",0.0,True,['7a8b0aa8-e738-410c-9829-f30e96f274e1'],"{'outcome': {'id': 4, 'name': 'Won'}}",3930162,776,776,3570,,
91a7eb80-4cf0-4d17-b311-5d59ee14c2ec,2016,2,00:04:14.716,49,14,50/50,93,Croatia,Regular Play,Croatia,Mateo Kovačić,Left Center Midfield,"[48.1, 46.1]",0.0,True,"['876f5027-6e5d-479c-9f05-e2c5f98e5dd7', 'adf3342a-06d3-49f5-a786-b9ae672dc3a7']","{'outcome': {'id': 1, 'name': 'Lost'}}",3930160,785,785,5456,,
876f5027-6e5d-479c-9f05-e2c5f98e5dd7,2017,2,00:04:14.716,49,14,50/50,94,Spain,Regular Play,Spain,Rodrigo Hernández Cascante,Right Defensive Midfield,"[72.0, 34.0]",0.0,True,['91a7eb80-4cf0-4d17-b311-5d59ee14c2ec'],"{'outcome': {'id': 4, 'name': 'Won'}}",3930160,772,772,6765,True,
3b06df16-40a5-4d77-8ad8-1096f39a7084,2546,2,00:17:35.586,62,35,50/50,115,Croatia,From Throw In,Croatia,Lovro Majer,Right Wing,"[104.1, 31.8]",0.0,True,"['7e750d34-3f3f-4a19-bd40-711a9cdb758e', 'd6b99964-e756-4e8d-a209-eaeb8c344fb0']","{'outcome': {'id': 1, 'name': 'Lost'}}",3930160,785,785,28914,,
d6b99964-e756-4e8d-a209-eaeb8c344fb0,2547,2,00:17:35.586,62,35,50/50,115,Croatia,From Throw In,Spain,Marc Cucurella Saseta,Left Back,"[16.0, 48.3]",0.0,True,['3b06df16-40a5-4d77-8ad8-1096f39a7084'],"{'outcome': {'id': 4, 'name': 'Won'}}",3930160,785,772,17620,,
e692018d-6d4e-41be-b291-8c4dfac5d07a,3358,2,00:38:48.797,83,48,50/50,154,Croatia,From Throw In,Spain,Mikel Oyarzabal Ugarte,Center Forward,"[42.9, 46.3]",0.0,True,"['e527a68f-a1cf-451c-b491-055457548c45', 'fc776359-e766-4f93-9c39-f56650e64eb3']","{'outcome': {'id': 1, 'name': 'Lost'}}",3930160,785,772,6685,,
e527a68f-a1cf-451c-b491-055457548c45,3359,2,00:38:48.797,83,48,50/50,154,Croatia,From Throw In,Croatia,Luka Sučić,Right Center Midfield,"[77.2, 33.8]",0.0,True,['e692018d-6d4e-41be-b291-8c4dfac5d07a'],"{'outcome': {'id': 4, 'name': 'Won'}}",3930160,785,785,39490,,
6bf48041-f17d-42ff-a1f3-cbf1416efd53,3750,2,00:48:58.838,93,58,50/50,168,Croatia,From Free Kick,Spain,Fabián Ruiz Peña,Right Defensive Midfield,"[47.8, 58.9]",0.0,True,['e0a76052-8d33-4c01-89f1-25190895ea91'],"{'outcome': {'id': 1, 'name': 'Lost'}}",3930160,785,772,6655,,
e0a76052-8d33-4c01-89f1-25190895ea91,3751,2,00:48:58.838,93,58,50/50,168,Croatia,From Free Kick,Croatia,Lovro Majer,Left Center Midfield,"[72.3, 21.2]",0.0,True,['6bf48041-f17d-42ff-a1f3-cbf1416efd53'],"{'outcome': {'id': 3, 'name': 'Success To Team'}}",3930160,785,785,28914,,
564b8a0c-c63e-478e-be3d-fc82379b9631,642,1,00:21:11.915,21,11,50/50,34,Switzerland,From Corner,Hungary,Ádám Nagy,Right Defensive Midfield,"[11.7, 3.7]",0.0,True,"['c33be798-7d34-4e78-ad9d-76e2f81c6f74', 'ca0dd802-af78-4f79-b1b4-c7bd6a98e985']","{'outcome': {'id': 1, 'name': 'Lost'}}",3930159,773,916,7162,,
c33be798-7d34-4e78-ad9d-76e2f81c6f74,643,1,00:21:11.915,21,11,50/50,34,Switzerland,From Corner,Switzerland,Remo Freuler,Right Defensive Midfield,"[108.4, 76.4]",0.0,True,['564b8a0c-c63e-478e-be3d-fc82379b9631'],"{'outcome': {'id': 4, 'name': 'Won'}}",3930159,773,773,6983,,
0d9edbf7-ffd2-47ee-9037-2845eb1ff695,680,1,00:21:59.935,21,59,50/50,36,Hungary,From Throw In,Hungary,Roland Sallai,Right Attacking Midfield,"[66.9, 37.0]",0.0,True,['20813412-8f0e-42f9-a035-db2d3fd87706'],"{'outcome': {'id': 2, 'name': 'Success To Opposition'}}",3930159,916,916,19316,,
20813412-8f0e-42f9-a035-db2d3fd87706,681,1,00:21:59.935,21,59,50/50,36,Hungary,From Throw In,Switzerland,Ricardo Iván Rodríguez Araya,Left Center Back,"[53.2, 43.1]",0.0,True,['0d9edbf7-ffd2-47ee-9037-2845eb1ff695'],"{'outcome': {'id': 1, 'name': 'Lost'}}",3930159,916,773,5544,,
4fe0ab95-5eef-4b92-acb6-de701e510f3f,2884,2,00:36:13.137,81,13,50/50,131,Hungary,From Throw In,Switzerland,Mohamed Zeki Amdouni,Left Attacking Midfield,"[26.3, 34.8]",0.0,True,"['8d761946-1c71-4c83-bf86-91a33f0aad7c', '9f9799f6-7c9e-47ef-a3dd-5d88b247fb96']","{'outcome': {'id': 1, 'name': 'Lost'}}",3930159,916,773,48335,,
9f9799f6-7c9e-47ef-a3dd-5d88b247fb96,2885,2,00:36:13.137,81,13,50/50,131,Hungary,From Throw In,Hungary,Attila Fiola,Right Center Back,"[93.8, 45.3]",0.0,True,['4fe0ab95-5eef-4b92-acb6-de701e510f3f'],"{'outcome': {'id': 4, 'name': 'Won'}}",3930159,916,916,11268,,
cb4cd759-fcc4-41c7-afcf-477f2fb32369,262,1,00:06:56.720,6,56,50/50,15,Germany,Regular Play,Scotland,Callum McGregor,Left Defensive Midfield,"[21.9, 10.1]",0.0,True,['d1c768c4-2fcb-4480-8ea9-92dbcc465831'],"{'outcome': {'id': 2, 'name': 'Success To Opposition'}}",3930158,770,942,10534,,True
d1c768c4-2fcb-4480-8ea9-92dbcc465831,263,1,00:06:56.720,6,56,50/50,15,Germany,Regular Play,Germany,İlkay Gündoğan,Center Attacking Midfield,"[98.2, 70.0]",0.0,True,['cb4cd759-fcc4-41c7-afcf-477f2fb32369'],"{'outcome': {'id': 1, 'name': 'Lost'}}",3930158,770,770,10287,,
64ef27a9-f367-4d29-9f8f-7ca9752ea357,1090,1,00:27:51.479,27,51,50/50,40,Scotland,From Throw In,Scotland,Ryan Christie,Left Wing,"[98.9, 12.5]",0.0,True,"['932053b8-11ca-4765-986c-b4e0552e1666', 'ad198b76-c597-4108-9c43-04b4843e4de1']","{'outcome': {'id': 1, 'name': 'Lost'}}",3930158,942,942,12510,,
932053b8-11ca-4765-986c-b4e0552e1666,1091,1,00:27:51.479,27,51,50/50,40,Scotland,From Throw In,Germany,Robert Andrich,Right Defensive Midfield,"[21.2, 67.6]",0.0,True,['64ef27a9-f367-4d29-9f8f-7ca9752ea357'],"{'outcome': {'id': 4, 'name': 'Won'}}",3930158,942,770,9195,,
217ee3aa-04fd-45ed-9767-8e28ccf77404,1372,1,00:34:33.089,34,33,50/50,50,Germany,From Free Kick,Scotland,John McGinn,Left Center Midfield,"[41.9, 5.2]",0.0,True,['0acbe570-d4ad-44ed-b0f3-0c7c3ccdefae'],"{'outcome': {'id': 1, 'name': 'Lost'}}",3930158,770,942,9974,,
0acbe570-d4ad-44ed-b0f3-0c7c3ccdefae,1373,1,00:34:33.089,34,33,50/50,50,Germany,From Free Kick,Germany,Robert Andrich,Right Defensive Midfield,"[78.2, 74.9]",0.0,True,['217ee3aa-04fd-45ed-9767-8e28ccf77404'],"{'outcome': {'id': 3, 'name': 'Success To Team'}}",3930158,770,770,9195,True,
074957de-98d3-45a9-863e-a7524857ba3e,3169,2,00:43:47.587,88,47,50/50,133,Germany,From Kick Off,Scotland,Lawrence Shankland,Center Forward,"[34.8, 12.2]",0.0,True,"['400a84b2-b087-41eb-b884-15e741cf6572', '8529eff7-65ff-44e9-bb46-f342dab9b346']","{'outcome': {'id': 1, 'name': 'Lost'}}",3930158,770,942,38169,,
8529eff7-65ff-44e9-bb46-f342dab9b346,3170,2,00:43:47.587,88,47,50/50,133,Germany,From Kick Off,Germany,Joshua Kimmich,Right Back,"[85.3, 67.9]",0.0,True,['074957de-98d3-45a9-863e-a7524857ba3e'],"{'outcome': {'id': 4, 'name': 'Won'}}",3930158,770,770,5579,,
