id,index,period,timestamp,minute,second,type,possession,possession_team,play_pattern,team,player,position,duration,match_id,possession_team_id,team_id,player_id,injury_stoppage_in_chain,under_pressure,related_events
43024b2c-4928-4677-846e-86916051bf51,386,1,00:09:29.293,9,29,Injury Stoppage,12,England,From Kick Off,England,Jude Bellingham,Left Attacking Midfield,0.0,3942819,768,768,30714,,,
338082f8-868e-4dc8-95ed-1df47e97d52a,697,1,00:23:15.644,23,15,Injury Stoppage,28,England,From Throw In,Netherlands,Bart Verbruggen,Goalkeeper,0.0,3942819,768,941,37274,,,
c6883742-a1a1-4097-8163-0b8615705ed9,698,1,00:23:17.136,23,17,Injury Stoppage,28,England,From Throw In,England,Jordan Pickford,Goalkeeper,0.0,3942819,768,768,3468,True,,
d012c82f-6460-4044-9769-bb93b10acb86,1099,1,00:33:04.948,33,4,Injury Stoppage,38,England,Regular Play,Netherlands,Memphis Depay,Center Forward,0.0,3942819,768,941,2988,True,,
ff820bbe-80b6-49b1-8c7c-7c1c3f596414,1100,1,00:33:10.525,33,10,Injury Stoppage,38,England,Regular Play,England,Jordan Pickford,Goalkeeper,0.0,3942819,768,768,3468,,,
1cea0379-ef86-4905-af03-a16d7f5f70d8,493,1,00:11:39.517,11,39,Injury Stoppage,21,Spain,From Free Kick,England,Kyle Walker,Right Back,0.0,3943043,772,768,3205,,,
b150edae-22bd-45d7-af6e-1ad84d9f4b95,965,1,00:25:35.610,25,35,Injury Stoppage,42,England,Regular Play,England,Kobbie Mainoo,Right Defensive Midfield,0.0,3943043,768,768,99174,,,
7c9bc870-eb19-46e9-8607-914e23b6e722,966,1,00:25:38.274,25,38,Injury Stoppage,42,England,Regular Play,Spain,Fabián Ruiz Peña,Left Defensive Midfield,0.0,3943043,768,772,6655,,,
4f272905-f2c6-43a9-9c37-ac6716796a10,1168,1,00:29:59.570,29,59,Injury Stoppage,51,England,Regular Play,England,Declan Rice,Left Defensive Midfield,0.0,3943043,768,768,3943,,,
92db3206-ffef-47e5-9667-c191d4940629,1208,1,00:32:22.006,32,22,Injury Stoppage,54,Spain,Regular Play,England,Phil Foden,Center Attacking Midfield,0.0,3943043,772,768,4354,,,
cb2abef4-8109-4f29-9a15-508e611b74c0,1209,1,00:32:23.647,32,23,Injury Stoppage,54,Spain,Regular Play,Spain,Fabián Ruiz Peña,Left Defensive Midfield,0.0,3943043,772,772,6655,True,,
9477d8bd-b9fc-4eab-9236-101d9030f9a4,574,1,00:14:35.773,14,35,Injury Stoppage,23,France,From Throw In,France,Adrien Rabiot,Left Center Midfield,0.0,3942752,771,771,3026,,,
dd8fbff7-c055-401d-a74e-9231f6a2ba4a,2019,2,00:11:22.835,56,22,Injury Stoppage,94,Spain,Regular Play,Spain,Jesús Navas González,Right Back,0.0,3942752,772,772,6821,True,,
2a64ad13-df26-4d05-b833-2897d33ae89b,2024,2,00:12:40.258,57,40,Injury Stoppage,95,Spain,Other,Spain,Nicholas Williams Arthuer,Left Wing,0.0,3942752,772,772,68574,True,,
16fceba5-e37f-46b5-8525-9992298aa8c9,2968,2,00:37:07.558,82,7,Injury Stoppage,132,France,Regular Play,France,Mike Maignan,Goalkeeper,0.0,3942752,771,771,3761,,,
ab2252b7-e3e6-4177-80ca-eef8e8a6134a,2969,2,00:37:41.307,82,41,Injury Stoppage,132,France,Regular Play,Spain,Aymeric Laporte,Left Center Back,0.0,3942752,771,772,4353,,,
d6135988-1d9d-446a-9dde-133908033230,683,1,00:14:42.617,14,42,Injury Stoppage,22,Netherlands,Regular Play,Netherlands,Memphis Depay,Center Forward,0.0,3942382,941,941,2988,,,
a9c2720c-d418-41e7-8ccd-8b01568f3ae6,684,1,00:15:22.299,15,22,Injury Stoppage,22,Netherlands,Regular Play,Turkey,Samet Akaydin,Center Back,0.0,3942382,941,909,133305,,,
769f34e0-d5a5-4967-8937-cbecd424be8d,1254,1,00:29:25.079,29,25,Injury Stoppage,38,Turkey,Regular Play,Netherlands,Xavi Simons,Center Attacking Midfield,0.0,3942382,909,941,39167,,,
a6646cae-2f6f-4ea1-85cd-c719a86c7ca2,1255,1,00:30:24.853,30,24,Injury Stoppage,38,Turkey,Regular Play,Turkey,Mert Müldür,Right Wing Back,0.0,3942382,909,909,10826,,,
a70d8efb-4bb6-4b60-9280-300cf8d6aa20,2237,2,00:12:00.854,57,0,Injury Stoppage,82,Turkey,From Goal Kick,Netherlands,Jerdy Schouten,Right Defensive Midfield,0.0,3942382,909,941,15503,,,
603b225e-bf0f-42cb-b9f6-841d065b3319,2238,2,00:12:12.704,57,12,Injury Stoppage,82,Turkey,From Goal Kick,Turkey,Fehmi Mert Günok,Goalkeeper,0.0,3942382,909,909,30310,True,,
8c9a3dfb-dc66-42a6-a9b5-df953d462911,2971,2,00:33:20.448,78,20,Injury Stoppage,105,Netherlands,Regular Play,Netherlands,Memphis Depay,Center Attacking Midfield,0.0,3942382,941,941,2988,,,
e1b3f197-af0d-46c8-a8f6-33d0c2f19c65,2972,2,00:34:25.939,79,25,Injury Stoppage,105,Netherlands,Regular Play,Turkey,Samet Akaydin,Center Back,0.0,3942382,941,909,133305,,,
b7472c52-f7f8-4529-9a3f-7f554e80f771,1085,1,00:22:59.285,22,59,Injury Stoppage,31,France,Regular Play,France,Mike Maignan,Goalkeeper,0.0,3942349,771,771,3761,True,,
f12855a8-63a5-47bb-9f19-a781f87c79a1,1086,1,00:22:59.807,22,59,Injury Stoppage,31,France,Regular Play,Portugal,Cristiano Ronaldo dos Santos Aveiro,Center Forward,0.0,3942349,771,780,5207,,,
5e7ec936-b8bc-49cb-b54a-64c9d87473cb,1812,1,00:42:09.198,42,9,Injury Stoppage,60,France,From Goal Kick,France,Mike Maignan,Goalkeeper,0.0,3942349,771,771,3761,,,
78896750-a64c-4814-bdd7-2cdbea1ea3c0,2451,2,00:09:14.191,54,14,Injury Stoppage,85,Portugal,Regular Play,France,Kylian Mbappé Lottin,Left Center Forward,0.0,3942349,780,771,3009,,,
551d1f91-6b1f-49f4-a1b1-e412480eb860,2452,2,00:09:15.680,54,15,Injury Stoppage,85,Portugal,Regular Play,Portugal,Diogo Meireles Costa,Goalkeeper,0.0,3942349,780,780,32975,True,,
93fab850-1f21-4704-a092-cbc0d4d2de0f,3561,2,00:38:53.426,83,53,Injury Stoppage,118,Portugal,Regular Play,Portugal,Francisco Fernandes Conceição,Right Midfield,0.0,3942349,780,780,39624,,,
cfe7440d-ec1e-4bfc-9eb7-f06b8fcc8cc0,3562,2,00:38:54.461,83,54,Injury Stoppage,118,Portugal,Regular Play,France,Mike Maignan,Goalkeeper,0.0,3942349,780,771,3761,,,
dc3bc302-f12d-40a2-8121-5c9fec38fc1f,1300,1,00:34:38.611,34,38,Injury Stoppage,59,Netherlands,From Free Kick,Netherlands,Memphis Depay,Center Forward,0.0,3930180,941,941,2988,,,
69357119-5789-47a8-9767-fa06efdf3542,2037,2,00:09:01.713,54,1,Injury Stoppage,95,Netherlands,From Corner,Netherlands,Memphis Depay,Center Forward,0.0,3930180,941,941,2988,,,
669a642a-72ae-4d03-a495-e33ac4fdc24d,2038,2,00:09:03.096,54,3,Injury Stoppage,95,Netherlands,From Corner,Austria,Patrick Pentz,Goalkeeper,0.0,3930180,941,915,9731,,,
ba8df3b2-c4a4-4b0d-8ce5-a1a8052c5e1c,2390,2,00:24:01.526,69,1,Injury Stoppage,119,Netherlands,From Free Kick,Netherlands,Donyell Malen,Right Wing,0.0,3930180,941,941,15582,True,,
e97013fe-d1a2-4b38-9e40-04e298e4eb24,2391,2,00:24:06.923,69,6,Injury Stoppage,119,Netherlands,From Free Kick,Austria,Patrick Pentz,Goalkeeper,0.0,3930180,941,915,9731,,,
dc0e7404-d77b-492a-a462-2e6e7dc2702a,3092,2,00:47:45.810,92,45,Injury Stoppage,156,Netherlands,From Throw In,Netherlands,Bart Verbruggen,Goalkeeper,0.0,3930180,941,941,37274,,,
007fcd7b-c3ef-4f31-9939-f3651d2b4f6d,3093,2,00:47:45.810,92,45,Injury Stoppage,156,Netherlands,From Throw In,Austria,Leopold Querfeld,Right Center Back,0.0,3930180,941,915,152512,,,
56aa9870-182e-4444-9710-9253ea0500fd,434,1,00:08:28.329,8,28,Injury Stoppage,11,Denmark,From Keeper,England,Kyle Walker,Right Back,0.0,3930171,776,768,3205,,,
d00b129c-9928-4480-90ae-14a3d1a8b753,435,1,00:08:29.113,8,29,Injury Stoppage,11,Denmark,From Keeper,Denmark,Pierre-Emile Højbjerg,Left Defensive Midfield,0.0,3930171,776,776,3570,,,
d1948f5c-6619-4584-aa29-f556464a4d3d,2179,2,00:04:16.896,49,16,Injury Stoppage,68,Switzerland,From Keeper,Switzerland,Ruben Vargas,Left Attacking Midfield,0.0,3942227,773,773,30401,,,
42bb4fa6-e86c-4425-b595-4d9b05d9cab9,2238,2,00:05:55.724,50,55,Injury Stoppage,70,England,From Keeper,Switzerland,Remo Freuler,Right Defensive Midfield,0.0,3942227,768,773,6983,,,
38bef3ce-0b91-4a1f-a123-35266e9314dc,4000,3,00:07:20.677,97,20,Injury Stoppage,136,Switzerland,Regular Play,England,Harry Kane,Center Forward,0.0,3942227,773,768,10955,,,
e790ca8e-4c2d-4818-8bac-bbba025c1909,4307,4,00:00:20.593,105,20,Injury Stoppage,145,England,From Kick Off,England,Harry Kane,Center Forward,0.0,3942227,768,768,10955,,,
c54a17f2-f2a4-4331-b518-6c2e48cb2433,4418,4,00:03:01.133,108,1,Injury Stoppage,148,Switzerland,Regular Play,Switzerland,Ricardo Iván Rodríguez Araya,Left Center Back,0.0,3942227,773,773,5544,,,
4f43d0ad-ce72-464c-9275-5e7a5309b900,81,1,00:01:14.160,1,14,Injury Stoppage,6,Germany,From Keeper,Spain,Marc Cucurella Saseta,Left Back,0.0,3942226,770,772,17620,,,
f93e4f5e-f2c6-4b7a-ba0f-b7da656afa1f,129,1,00:03:26.308,3,26,Injury Stoppage,10,Spain,Regular Play,Spain,Pedro González López,Right Center Midfield,0.0,3942226,772,772,30486,,,
e5b2c46b-8458-4b35-924f-7f84c8ee97ed,130,1,00:04:10.800,4,10,Injury Stoppage,10,Spain,Regular Play,Germany,Manuel Neuer,Goalkeeper,0.0,3942226,772,770,5570,,,
cf583a92-6835-4818-a46a-2b316d9a065b,185,1,00:05:38.498,5,38,Injury Stoppage,12,Spain,From Free Kick,Spain,Pedro González López,Right Center Midfield,0.0,3942226,772,772,30486,,,
1b7c7617-9b2e-4052-874e-c1d283a95b28,186,1,00:05:52.018,5,52,Injury Stoppage,12,Spain,From Free Kick,Germany,Manuel Neuer,Goalkeeper,0.0,3942226,772,770,5570,,,
285313e8-6c64-4a76-876d-ce64b266f771,375,1,00:12:01.862,12,1,Injury Stoppage,16,Germany,From Goal Kick,Spain,Nicholas Williams Arthuer,Left Wing,0.0,3942226,770,772,68574,,,
a619a813-4e72-44c9-9195-6a318505cc26,4274,4,00:10:11.567,115,11,Injury Stoppage,199,Germany,Regular Play,Spain,José Ignacio Fernández Iglesias,Right Center Back,0.0,3942226,770,772,5202,,,
7ba9991a-86eb-4d9b-8596-120683c67612,4275,4,00:10:12.359,115,12,Injury Stoppage,199,Germany,Regular Play,Germany,Manuel Neuer,Goalkeeper,0.0,3942226,770,770,5570,True,,
1293ecbf-f261-4ff5-b663-68390efe0362,87,1,00:02:07.947,2,7,Injury Stoppage,6,Ukraine,Regular Play,Ukraine,Anatolii Trubin,Goalkeeper,0.0,3938645,911,911,37330,True,,
e9bfd9b4-bfe9-4e94-b2ef-c9d4b4420396,1640,1,00:38:36.498,38,36,Injury Stoppage,64,Belgium,From Goal Kick,Belgium,Koen Casteels,Goalkeeper,0.0,3938645,782,782,8240,,,
ed6a0e5c-82c6-4dd9-9b13-990bfc26450e,1641,1,00:38:39.792,38,39,Injury Stoppage,64,Belgium,From Goal Kick,Ukraine,Georgiy Sudakov,Left Center Midfield,0.0,3938645,782,911,38975,,,
5ac02ec7-4d9e-4ab6-9e20-17969a74bcd4,2733,2,00:21:34.086,66,34,Injury Stoppage,116,Belgium,Regular Play,Ukraine,Oleksandr Tymchyk,Right Wing Back,0.0,3938645,782,911,45863,,,
422c2fe5-fa46-4ec8-b937-fb7fcdee2e45,2734,2,00:22:16.962,67,16,Injury Stoppage,116,Belgium,Regular Play,Belgium,Koen Casteels,Goalkeeper,0.0,3938645,782,782,8240,,,
903227f6-371e-4dea-8021-02962f7639f1,3197,2,00:38:32.548,83,32,Injury Stoppage,142,Belgium,From Goal Kick,Ukraine,Oleksandr Tymchyk,Right Back,0.0,3938645,782,911,45863,,,
af511683-01c3-4d22-8027-7f4685b535c0,3363,2,00:42:46.889,87,46,Injury Stoppage,150,Ukraine,From Goal Kick,Ukraine,Taras Stepanenko,Left Defensive Midfield,0.0,3938645,911,911,11000,True,,
8ac87973-6043-42da-b8b9-db0901e8e9b4,3364,2,00:42:50.823,87,50,Injury Stoppage,150,Ukraine,From Goal Kick,Belgium,Timothy Castagne,Right Back,0.0,3938645,911,782,6989,,,
6d1265bb-dac5-464e-8fe1-c66a2ae72259,1278,1,00:33:23.382,33,23,Injury Stoppage,62,Czech Republic,From Throw In,Turkey,Fehmi Mert Günok,Goalkeeper,0.0,3930184,912,909,30310,,,
861ea9a8-7751-45d7-9a3a-6823a59e5a3d,1279,1,00:33:24.713,33,24,Injury Stoppage,62,Czech Republic,From Throw In,Czech Republic,Lukáš Provod,Left Center Midfield,0.0,3930184,912,912,28034,,,
7144140d-b133-40b6-80a7-74d3f336f643,1345,1,00:36:05.070,36,5,Injury Stoppage,65,Turkey,Regular Play,Czech Republic,Robin Hranáč,Center Back,0.0,3930184,909,912,81330,,,
7a62adfc-f136-48dc-b674-7e1b158fff92,1352,1,00:38:26.466,38,26,Injury Stoppage,66,Czech Republic,From Goal Kick,Turkey,Fehmi Mert Günok,Goalkeeper,0.0,3930184,912,909,30310,,,
59e895f3-b7f7-4673-af91-52eda5004c5a,1866,2,00:07:43.677,52,43,Injury Stoppage,89,Turkey,From Keeper,Czech Republic,Jindřich Staněk,Goalkeeper,0.0,3930184,909,912,28040,,,
1f707122-0307-4b88-983d-63ef69a9d112,2019,2,00:16:06.729,61,6,Injury Stoppage,102,Czech Republic,Regular Play,Turkey,Samet Akaydin,Right Center Back,0.0,3930184,912,909,133305,,,
2a53bcff-112e-4c52-b788-19900ecd1f76,2778,2,00:45:21.634,90,21,Injury Stoppage,141,Czech Republic,From Goal Kick,Turkey,Mert Müldür,Right Back,0.0,3930184,912,909,10826,,,
f5e170ea-52f3-44a3-92d0-9c32e860d76c,187,1,00:04:58.360,4,58,Injury Stoppage,11,Austria,From Corner,Austria,Christoph Baumgartner,Center Attacking Midfield,0.0,3941022,915,915,24977,,,
b4fcf996-baab-426d-b001-84c18f65da8b,3230,2,00:35:58.752,80,58,Injury Stoppage,148,Austria,From Free Kick,Austria,Maximilian Wöber,Left Center Back,0.0,3941022,915,915,8068,,,
aef058a3-8cc4-4627-90af-e9668556210b,3231,2,00:36:24.539,81,24,Injury Stoppage,148,Austria,From Free Kick,Turkey,Orkun Kökçü,Left Center Midfield,0.0,3941022,915,909,22212,,,
af9ef3c4-6754-4743-ab28-e6ae107071a8,3589,2,00:45:53.359,90,53,Injury Stoppage,163,Austria,From Throw In,Austria,Maximilian Wöber,Left Center Back,0.0,3941022,915,915,8068,,,
6614d751-1947-4a5d-9fb1-f24a16f4ee52,118,1,00:02:34.874,2,34,Injury Stoppage,7,Netherlands,Regular Play,Romania,Ianis Hagi,Left Midfield,0.0,3941021,941,905,28565,,,
ef4fd75b-c0fe-43bd-9f09-ac919232b49d,119,1,00:02:43.460,2,43,Injury Stoppage,7,Netherlands,Regular Play,Netherlands,Bart Verbruggen,Goalkeeper,0.0,3941021,941,941,37274,,,
5fd83a7e-f2fa-4e01-ab23-cbce976546a8,979,1,00:31:59.593,31,59,Injury Stoppage,50,Romania,From Free Kick,Netherlands,Denzel Dumfries,Right Back,0.0,3941021,905,941,8125,,,
022ea1c2-74b0-46f5-88c4-936f7628c484,980,1,00:32:16.712,32,16,Injury Stoppage,50,Romania,From Free Kick,Romania,Vasile Mogoș,Left Back,0.0,3941021,905,905,30839,,,
58b66a12-3aca-426e-877c-29a4904a3a65,2936,2,00:44:37.343,89,37,Injury Stoppage,149,Romania,From Free Kick,Romania,Florin Constantin Niţă,Goalkeeper,0.0,3941021,905,905,28242,,,
8fb6c37a-69ca-4b0e-a2c1-de7a84464cb7,2937,2,00:44:41.540,89,41,Injury Stoppage,149,Romania,From Free Kick,Netherlands,Bart Verbruggen,Goalkeeper,0.0,3941021,905,941,37274,,,
b3d94efe-3e77-45a2-9497-6178e1a8062b,790,1,00:18:28.188,18,28,Injury Stoppage,31,Slovenia,Regular Play,Portugal,Nuno Mendes,Left Back,0.0,3941020,944,780,41092,,,
dc291e85-4483-4546-bcc4-861c7faed42b,791,1,00:18:32.186,18,32,Injury Stoppage,31,Slovenia,Regular Play,Slovenia,Adam Gnezda Čerin,Right Defensive Midfield,0.0,3941020,944,944,31968,,,
8a975828-4c1e-4a8f-b888-eb4160a67fd8,2865,2,00:36:16.073,81,16,Injury Stoppage,139,Slovenia,Regular Play,Portugal,Bruno Miguel Borges Fernandes,Right Defensive Midfield,0.0,3941020,944,780,5204,,,
7f633826-652d-4ddc-bfb2-542508d59e33,2866,2,00:36:18.095,81,18,Injury Stoppage,139,Slovenia,Regular Play,Slovenia,Adam Gnezda Čerin,Right Defensive Midfield,0.0,3941020,944,944,31968,,,
25624140-9d5f-483c-9863-fc2daabbc629,1079,1,00:23:54.893,23,54,Injury Stoppage,30,France,Regular Play,Belgium,Jeremy Doku,Left Midfield,0.0,3941019,771,782,23650,,,
5c9f5cba-75dc-418e-b751-ab46f92bca07,1942,1,00:42:41.468,42,41,Injury Stoppage,56,France,From Throw In,France,Kylian Mbappé Lottin,Left Wing,0.0,3941019,771,771,3009,,,
986e61de-d502-4dc6-813d-87b660618049,3099,2,00:25:55.430,70,55,Injury Stoppage,102,Belgium,Regular Play,France,Kylian Mbappé Lottin,Left Wing,0.0,3941019,782,771,3009,,,
09ceab6f-a849-441c-b481-e2cd163b18ae,3100,2,00:25:56.757,70,56,Injury Stoppage,102,Belgium,Regular Play,Belgium,Jan Vertonghen,Left Center Back,0.0,3941019,782,782,3077,True,,
b2cb456b-c9b6-48e7-86e4-b9f7904a236a,3813,2,00:44:41.746,89,41,Injury Stoppage,129,Belgium,From Free Kick,Belgium,Jan Vertonghen,Left Center Back,0.0,3941019,782,782,3077,,,
862c2b44-62a0-4a51-8822-43960235de4d,658,1,00:13:19.175,13,19,Injury Stoppage,19,Spain,From Corner,Spain,Robin Aime Robert Le Normand,Right Center Back,0.0,3941018,772,772,22128,,,
abd8f8c4-a419-4e93-b31f-d85213511dd7,1703,1,00:39:24.550,39,24,Injury Stoppage,64,Spain,Regular Play,Spain,Robin Aime Robert Le Normand,Right Center Back,0.0,3941018,772,772,22128,,,
0c9ce47c-4f2e-409f-813f-367cb5538eab,1704,1,00:39:31.717,39,31,Injury Stoppage,64,Spain,Regular Play,Georgia,Otar Kiteishvili,Center Defensive Midfield,0.0,3941018,772,2138,11335,,,
6fc6b026-4daa-4275-a88a-2ae2b9ac7c31,3205,2,00:28:55.281,73,55,Injury Stoppage,114,Spain,Regular Play,Georgia,Giorgi Gvelesiani,Right Center Back,0.0,3941018,772,2138,398886,,,
2a7e8068-c544-449a-af55-f607ae0c6561,3255,2,00:30:08.022,75,8,Injury Stoppage,116,Spain,Regular Play,Georgia,Georges Mikautadze,Right Center Forward,0.0,3941018,772,2138,33234,,,
9a629046-31f5-4355-9fc2-a519c3e4804a,853,1,00:19:43.387,19,43,Injury Stoppage,27,Slovakia,Regular Play,Slovakia,Juraj Kucka,Right Center Midfield,0.0,3941017,908,908,10919,,,
55491a3a-9f63-4806-9852-086e7a260d7f,854,1,00:19:43.870,19,43,Injury Stoppage,27,Slovakia,Regular Play,England,Declan Rice,Left Defensive Midfield,0.0,3941017,908,768,3943,,,
c6bb0894-b05b-4144-8bde-30d067c37d19,1067,1,00:26:06.991,26,6,Injury Stoppage,33,Slovakia,From Goal Kick,England,Marc Guehi,Left Center Back,0.0,3941017,908,768,34526,,,
34442695-6420-48ff-97bb-b515770a8e53,1560,1,00:38:36.786,38,36,Injury Stoppage,51,England,From Free Kick,England,Kyle Walker,Right Back,0.0,3941017,768,768,3205,True,,
cdda6b3f-e3ad-4e92-90e3-fd4ed416c841,1561,1,00:38:40.057,38,40,Injury Stoppage,51,England,From Free Kick,Slovakia,Denis Vavro,Right Center Back,0.0,3941017,768,908,16298,,,
f1b1b930-b8fc-4e69-a8a0-9ff26475fc73,2485,2,00:17:20.485,62,20,Injury Stoppage,91,England,Regular Play,England,Kieran Trippier,Left Back,0.0,3941017,768,768,3308,,,
4f4e6bb8-a134-4c17-b88a-113bdf5a2f66,2880,2,00:27:56.695,72,56,Injury Stoppage,102,Slovakia,Regular Play,Slovakia,Tomáš Suslov,Left Wing,0.0,3941017,908,908,35653,,,
546629ab-44fd-43ff-948e-96f2b43a78a5,159,1,00:04:51.927,4,51,Injury Stoppage,8,Denmark,From Free Kick,Serbia,Aleksandar Mitrović,Center Forward,0.0,3930182,776,786,4269,,,
37023802-9db8-4a25-afb1-9a02c8eb2fad,2374,2,00:08:03.055,53,3,Injury Stoppage,93,Serbia,Regular Play,Serbia,Luka Jović,Left Wing,0.0,3930182,786,786,6319,,,
ec20614d-3fd1-4c76-9949-2c7c6c347c2b,3340,2,00:32:55.175,77,55,Injury Stoppage,133,Serbia,From Free Kick,Denmark,Andreas Christensen,Left Center Back,0.0,3930182,786,776,3959,,,
fc357fed-850c-49d6-bf46-36849fae60db,3342,2,00:32:58.328,77,58,Injury Stoppage,133,Serbia,From Free Kick,Serbia,Aleksandar Mitrović,Right Center Forward,0.0,3930182,786,786,4269,True,,
84cd5eaa-fbe3-4521-8ec8-8959d749d4ed,2818,2,00:22:13.196,67,13,Injury Stoppage,104,Albania,From Free Kick,Spain,Daniel Vivian Moreno,Right Center Back,0.0,3930179,906,772,41542,,,
cbc50a0d-1641-4315-b5a4-cc6e134df94b,2819,2,00:22:14.763,67,14,Injury Stoppage,104,Albania,From Free Kick,Albania,Armando Broja,Center Forward,0.0,3930179,906,906,36885,True,,
53377579-c0d0-4a28-92b0-ec13e38e3ab6,1029,1,00:24:21.011,24,21,Injury Stoppage,46,Germany,From Goal Kick,Denmark,Andreas Christensen,Left Center Back,0.0,3940983,770,776,3959,,,
4c5586c1-7dcc-4ea0-88c7-b50948b945d8,1485,1,00:34:49.088,34,49,Injury Stoppage,59,Germany,From Throw In,Denmark,Kasper Schmeichel,Goalkeeper,0.0,3940983,770,776,3815,,,
8e42c57f-d0f8-4498-804c-79e3d1d9c3ec,1486,1,00:34:50.393,34,50,Injury Stoppage,59,Germany,From Throw In,Germany,Toni Kroos,Left Defensive Midfield,0.0,3940983,770,770,5574,True,,
d860c9a0-f7ad-4bd5-9e93-3f107e7b0912,2164,2,00:11:53.071,56,53,Injury Stoppage,95,Denmark,From Throw In,Germany,Robert Andrich,Right Defensive Midfield,0.0,3940983,776,770,9195,,,
5897d2cb-5505-4cd7-998c-9d001e4d1f81,529,1,00:12:08.172,12,8,Injury Stoppage,25,Switzerland,Regular Play,Switzerland,Ruben Vargas,Left Attacking Midfield,0.0,3940878,773,773,30401,,,
87e05f7a-da98-4444-a2e2-9d2652dd045c,530,1,00:12:10.252,12,10,Injury Stoppage,25,Switzerland,Regular Play,Italy,Gianluigi Donnarumma,Goalkeeper,0.0,3940878,773,914,7036,,,
54b12b5e-38d6-4f28-bac1-ec4e1a6ec251,573,1,00:14:14.806,14,14,Injury Stoppage,29,Switzerland,From Throw In,Italy,Gianluigi Donnarumma,Goalkeeper,0.0,3940878,773,914,7036,,,
b2195d1f-32b6-47b6-90d1-d8595b0ff9ca,1716,1,00:41:32.119,41,32,Injury Stoppage,63,Italy,From Throw In,Italy,Giovanni Di Lorenzo,Right Back,0.0,3940878,914,914,11514,,,
bb2b22b7-834c-4f77-86b5-f3ed8d9eb35f,1136,1,00:28:06.459,28,6,Injury Stoppage,47,Scotland,Regular Play,Hungary,András Schäfer,Right Defensive Midfield,0.0,3930177,942,916,42822,,,
fbf9b540-947f-4ac8-89fb-06fa9d7371fa,1138,1,00:28:08.547,28,8,Injury Stoppage,47,Scotland,Regular Play,Scotland,Grant Campbell Hanley,Center Back,0.0,3930177,942,942,9481,True,,
a9211d03-293e-42b2-bd77-d489f4b58d7f,2360,2,00:18:13.371,63,13,Injury Stoppage,102,Hungary,From Free Kick,Scotland,Anthony Ralston,Right Wing Back,0.0,3930177,916,942,22308,,,
4be60cf7-4850-4a0a-a5bc-870313f3e425,2506,2,00:22:54.839,67,54,Injury Stoppage,112,Hungary,From Free Kick,Hungary,Barnabás Varga,Center Forward,0.0,3930177,916,916,12921,,,
ff097974-0c75-414f-a59c-de776918862f,2507,2,00:23:03.239,68,3,Injury Stoppage,112,Hungary,From Free Kick,Scotland,Angus Gunn,Goalkeeper,0.0,3930177,916,942,22379,,,
c3ad2fab-365a-41ac-aab1-cf0fd302e9ca,2952,2,00:40:00.863,85,0,Injury Stoppage,130,Hungary,Regular Play,Hungary,Bendegúz Bolla,Right Wing Back,0.0,3930177,916,916,46789,,,
f97f8bc6-6cb1-41ef-997d-8989b853ddc8,2955,2,00:41:06.757,86,6,Injury Stoppage,130,Hungary,Regular Play,Scotland,Grant Campbell Hanley,Center Back,0.0,3930177,916,942,9481,,,
93313969-ed4d-4c13-beac-7d833e1706a4,3388,2,00:41:40.445,86,40,Injury Stoppage,110,France,From Throw In,France,Adrien Rabiot,Left Midfield,0.0,3930173,771,771,3026,,,
7f41be1d-4cfa-4809-91cf-56f8abb0b596,311,1,00:06:08.742,6,8,Injury Stoppage,13,Spain,Regular Play,Italy,Lorenzo Pellegrini,Left Wing,0.0,3930172,772,914,6963,,,
94ee082b-81af-4281-a322-b4b00ea7c52f,611,1,00:14:06.276,14,6,Injury Stoppage,23,Spain,Regular Play,Italy,Giovanni Di Lorenzo,Right Back,0.0,3930172,772,914,11514,,,
95e8fc52-6569-46dd-b301-734460fb2890,612,1,00:14:09.244,14,9,Injury Stoppage,23,Spain,Regular Play,Spain,Pedro González López,Center Attacking Midfield,0.0,3930172,772,772,30486,True,,
67780919-ade5-4790-852b-69a324e4c7fc,1433,1,00:30:38.958,30,38,Injury Stoppage,55,Italy,From Free Kick,Italy,Nicolò Barella,Left Center Midfield,0.0,3930172,914,914,8181,True,,
51b00ad5-8cd6-411c-8da3-e05084c29185,2037,2,00:00:17.414,45,17,Injury Stoppage,84,Spain,From Kick Off,Italy,Gianluigi Donnarumma,Goalkeeper,0.0,3930172,772,914,7036,,,
24e61051-215d-4ed2-941f-198d46278c1c,2038,2,00:00:48.241,45,48,Injury Stoppage,84,Spain,From Kick Off,Spain,Rodrigo Hernández Cascante,Right Defensive Midfield,0.0,3930172,772,772,6765,,,
48723016-e741-4c7f-9e5f-954dff6dc9c4,3909,2,00:47:50.861,92,50,Injury Stoppage,151,Spain,Regular Play,Italy,Gianluigi Donnarumma,Goalkeeper,0.0,3930172,772,914,7036,,,
d050c705-51dc-4564-ae7d-d97b20177368,3910,2,00:47:51.983,92,51,Injury Stoppage,151,Spain,Regular Play,Spain,Fabián Ruiz Peña,Left Defensive Midfield,0.0,3930172,772,772,6655,,,
b44f71f7-dc2e-4a26-894b-d926868af8e1,2384,2,00:14:01.125,59,1,Injury Stoppage,97,Croatia,Regular Play,Croatia,Luka Sučić,Center Attacking Midfield,0.0,3930167,785,785,39490,True,,
fcf351d1-e4f8-498c-8320-a0fa7c4128f3,2385,2,00:14:03.178,59,3,Injury Stoppage,97,Croatia,Regular Play,Albania,Ylber Ramadani,Center Defensive Midfield,0.0,3930167,785,906,24438,,,
a68003a9-fa78-473b-90e8-7233ba0b38f6,2582,2,00:19:06.541,64,6,Injury Stoppage,110,Albania,Regular Play,Albania,Kristjan Asllani,Left Center Midfield,0.0,3930167,906,906,57303,,,
be5c005d-683c-45c6-b6cf-e3c19fd7de3e,2583,2,00:19:08.229,64,8,Injury Stoppage,110,Albania,Regular Play,Croatia,Josip Šutalo,Right Center Back,0.0,3930167,906,785,37148,,,
509a5c9b-ad3b-4431-81e1-2e1b39b29475,3526,2,00:45:21.373,90,21,Injury Stoppage,155,Albania,From Keeper,Albania,Klaus Gjasula,Right Defensive Midfield,0.0,3930167,906,906,9893,,,
618922ad-d777-4150-b4d0-5bb95386cc60,3527,2,00:45:26.909,90,26,Injury Stoppage,155,Albania,From Keeper,Croatia,Dominik Livaković,Goalkeeper,0.0,3930167,906,785,16531,,,
b8c21e0e-109b-4d3b-a50f-a41f0d802ae7,3575,2,00:47:36.754,92,36,Injury Stoppage,157,Albania,Regular Play,Albania,Kristjan Asllani,Left Defensive Midfield,0.0,3930167,906,906,57303,,,
5812feb2-6a88-46da-ba6c-750a85e7136f,993,1,00:23:58.275,23,58,Injury Stoppage,39,Hungary,From Kick Off,Hungary,Milos Kerkez,Left Wing Back,0.0,3930168,916,916,89635,,,
7b9a869c-510c-488e-b3e6-180a630a00cf,1207,1,00:29:54.245,29,54,Injury Stoppage,59,Austria,Regular Play,Austria,Philipp Mwene,Left Back,0.0,3930165,915,915,13315,,,
09aafcd9-2215-4b1e-bc02-5a998837e4af,1560,1,00:39:28.066,39,28,Injury Stoppage,78,Austria,Regular Play,Austria,Florian Grillitsch,Left Defensive Midfield,0.0,3930165,915,915,11396,,,
279da7ea-8b7f-45e7-b85f-3392bf6c3f02,1561,1,00:39:28.946,39,28,Injury Stoppage,78,Austria,Regular Play,France,N'Golo Kanté,Right Defensive Midfield,0.0,3930165,915,771,3961,,,
dd56772b-7147-422c-b40a-ae1aa96414a3,3093,2,00:32:55.685,77,55,Injury Stoppage,138,France,Regular Play,Austria,Christoph Baumgartner,Left Wing,0.0,3930165,771,915,24977,,,
016b4e1a-ba8a-4e97-9e9c-b788a2802469,3169,2,00:35:57.612,80,57,Injury Stoppage,141,France,From Throw In,France,Antoine Griezmann,Center Attacking Midfield,0.0,3930165,771,771,5487,True,True,['0908146e-9cf8-479f-9863-9a2125b19195']
7c5eda35-f29f-46d2-903f-d94a099f43b7,3170,2,00:35:57.676,80,57,Injury Stoppage,141,France,From Throw In,Austria,Patrick Wimmer,Right Wing,0.0,3930165,771,915,33297,,,
7a83fde5-f44d-4753-89fc-f164e33a6b0e,3283,2,00:40:40.587,85,40,Injury Stoppage,151,Austria,Regular Play,France,Kylian Mbappé Lottin,Center Forward,0.0,3930165,915,771,3009,,,
57d1a13a-c920-4674-a8bf-cffca2d3a3f7,3327,2,00:43:47.325,88,47,Injury Stoppage,153,Austria,From Throw In,Austria,Patrick Pentz,Goalkeeper,0.0,3930165,915,915,9731,True,,
6e628688-f39c-4853-a400-64e55b18e081,3328,2,00:43:49.074,88,49,Injury Stoppage,153,Austria,From Throw In,France,Kylian Mbappé Lottin,Center Forward,0.0,3930165,915,771,3009,,,
d901f733-7881-4a16-894c-62c6df1facf5,3372,2,00:46:23.198,91,23,Injury Stoppage,157,Austria,From Throw In,Austria,Patrick Wimmer,Right Wing,0.0,3930165,915,915,33297,,,
47eb2f91-415c-4a22-a0a7-baf6bccae987,3373,2,00:46:40.838,91,40,Injury Stoppage,157,Austria,From Throw In,France,Dayotchanculle Upamecano,Right Center Back,0.0,3930165,915,771,8519,True,,
3358f2df-a073-4e85-9a15-80d85669a268,594,1,00:16:47.698,16,47,Injury Stoppage,30,Belgium,Regular Play,Belgium,Amadou Onana,Left Defensive Midfield,0.0,3930164,782,782,48347,True,,
2bcd8c99-5ab9-40a3-8814-d20361f37497,715,1,00:20:48.316,20,48,Injury Stoppage,42,Slovakia,From Goal Kick,Slovakia,Róbert Boženík,Center Forward,0.0,3930164,908,908,34904,True,,
d5ecccae-4852-4342-9338-2cec2f4f5faf,716,1,00:20:50.653,20,50,Injury Stoppage,42,Slovakia,From Goal Kick,Belgium,Wout Faes,Right Center Back,0.0,3930164,908,782,8854,,,
a49f9834-9643-4c2b-8434-1afef7cf25a1,1398,1,00:34:06.916,34,6,Injury Stoppage,64,Belgium,Regular Play,Slovakia,Dávid Hancko,Left Back,0.0,3930164,782,908,16879,,,
dc17d194-af37-4881-9e2f-a4201a80a6e2,1399,1,00:34:12.039,34,12,Injury Stoppage,64,Belgium,Regular Play,Belgium,Wout Faes,Right Center Back,0.0,3930164,782,782,8854,,,
ef0291ff-d428-40c0-8b0d-343c10a279b2,2216,2,00:10:16.316,55,16,Injury Stoppage,104,Belgium,From Corner,Belgium,Koen Casteels,Goalkeeper,0.0,3930164,782,782,8240,,,
848cc9ca-cc00-46b6-a5b2-e87869a890f0,2450,2,00:17:01.611,62,1,Injury Stoppage,114,Belgium,Regular Play,Slovakia,Dávid Hancko,Left Back,0.0,3930164,782,908,16879,,,
629e08a9-2f51-44f7-a923-208dbdcafb35,2451,2,00:17:01.689,62,1,Injury Stoppage,114,Belgium,Regular Play,Belgium,Yannick Ferreira Carrasco,Left Back,0.0,3930164,782,782,5633,True,,
2332c57c-0df2-4191-a0a6-ad78d4ad9a72,2466,2,00:19:17.989,64,17,Injury Stoppage,119,Belgium,Regular Play,Slovakia,Lukáš Haraslín,Left Wing,0.0,3930164,782,908,7975,,,
cb0f845d-b71a-4092-bf07-528c495a334a,2469,2,00:19:19.737,64,19,Injury Stoppage,119,Belgium,Regular Play,Belgium,Koen Casteels,Goalkeeper,0.0,3930164,782,782,8240,,,
8ca8cb2e-c789-46bc-ba7c-4b56bfadbcfa,3289,2,00:40:49.452,85,49,Injury Stoppage,158,Belgium,Regular Play,Belgium,Koen Casteels,Goalkeeper,0.0,3930164,782,782,8240,,,
506e515d-9898-4f8d-9c9b-a7ecc44687f4,3408,2,00:47:48.892,92,48,Injury Stoppage,165,Belgium,Regular Play,Belgium,Koen Casteels,Goalkeeper,0.0,3930164,782,782,8240,,,
7b6835e5-7a9c-4c8a-aaff-37c7aca1c8d9,3409,2,00:48:05.401,93,5,Injury Stoppage,165,Belgium,Regular Play,Slovakia,Ondrej Duda,Left Center Midfield,0.0,3930164,782,908,8967,True,,
0fc7fb66-bfae-436a-bbff-a3d467a3cb13,535,1,00:17:05.840,17,5,Injury Stoppage,25,Italy,From Throw In,Italy,Gianluigi Donnarumma,Goalkeeper,0.0,3930161,914,914,7036,,,
04561880-5db1-48dd-b216-1d81b78f12a8,1356,1,00:33:59.181,33,59,Injury Stoppage,44,Italy,From Throw In,Italy,Federico Chiesa,Right Wing,0.0,3930161,914,914,7156,,,
55731773-caf2-45e1-a6d1-1652f6ccb49d,2230,2,00:06:48.553,51,48,Injury Stoppage,71,Albania,From Free Kick,Albania,Thomas Strakosha,Goalkeeper,0.0,3930161,906,906,7789,True,,
7c406b5c-3e36-4834-85c4-b2d4a46a2195,2231,2,00:06:51.384,51,51,Injury Stoppage,71,Albania,From Free Kick,Italy,Alessandro Bastoni,Right Center Back,0.0,3930161,906,914,7480,,,
4dad6ef6-b7c5-46cf-bdf7-834a00566751,3922,2,00:45:59.532,90,59,Injury Stoppage,125,Italy,Regular Play,Italy,Gianluigi Donnarumma,Goalkeeper,0.0,3930161,914,914,7036,True,,
d1125765-c08e-4ed2-acec-d0bee29b8d0e,4064,2,00:50:19.577,95,19,Injury Stoppage,135,Albania,Regular Play,Italy,Jorge Luiz Frello Filho,Center Defensive Midfield,0.0,3930161,906,914,7024,,,
98f0891d-1481-45e9-8ceb-05e41cae7548,2072,2,00:06:41.505,51,41,Injury Stoppage,83,Poland,Regular Play,Netherlands,Xavi Simons,Right Wing,0.0,3938637,789,941,39167,,,
f92c08f9-b6da-47e4-bc0e-450b6b75df3d,2073,2,00:07:15.786,52,15,Injury Stoppage,83,Poland,Regular Play,Poland,Wojciech Szczęsny,Goalkeeper,0.0,3938637,789,789,5669,,,
0f2fd48f-043a-4abd-a1af-b77db026b0bc,1836,2,00:00:08.389,45,8,Injury Stoppage,71,Ukraine,From Kick Off,Ukraine,Oleksandr Zinchenko,Left Back,0.0,3938640,911,911,3575,,,
88f8fa29-2b51-4cdb-9082-3b5854dd976a,1837,2,00:00:09.544,45,9,Injury Stoppage,71,Ukraine,From Kick Off,Slovakia,Peter Pekarík,Right Back,0.0,3938640,911,908,9722,,,
69fcc135-1269-4d97-91ce-b96c22e4bc35,2258,2,00:11:40.913,56,40,Injury Stoppage,94,Ukraine,Regular Play,Slovakia,Stanislav Lobotka,Center Defensive Midfield,0.0,3938640,911,908,6798,,,
dd316fe5-1dff-4490-ada2-a54f724622a6,2259,2,00:11:44.848,56,44,Injury Stoppage,94,Ukraine,Regular Play,Ukraine,Mykola Shaparenko,Right Defensive Midfield,0.0,3938640,911,911,21294,True,,
039d9fce-8f87-45e0-83c5-77daaf478290,2441,2,00:16:43.918,61,43,Injury Stoppage,104,Slovakia,Regular Play,Slovakia,Dávid Hancko,Left Back,0.0,3938640,908,908,16879,,,
7e3d1d54-99db-4826-8f95-a31c4815be06,2442,2,00:17:00.070,62,0,Injury Stoppage,104,Slovakia,Regular Play,Ukraine,Anatolii Trubin,Goalkeeper,0.0,3938640,908,911,37330,,,
70ceff49-c2d2-47de-ac23-0fa42942fc31,2847,2,00:29:08.092,74,8,Injury Stoppage,127,Slovakia,Regular Play,Ukraine,Mykhailo Mudryk,Left Midfield,0.0,3938640,908,911,39483,,,
ebfdca44-1e55-4d33-ba3f-5af650ab08bd,2848,2,00:29:09.897,74,9,Injury Stoppage,127,Slovakia,Regular Play,Slovakia,Milan Škriniar,Left Center Back,0.0,3938640,908,908,6990,,,
f0339439-c9e8-462b-b4f8-fb08ed0914bc,2942,2,00:31:39.817,76,39,Injury Stoppage,130,Ukraine,From Throw In,Ukraine,Anatolii Trubin,Goalkeeper,0.0,3938640,911,911,37330,True,,
9d8b8b21-6796-4062-9efc-f9299090990e,2943,2,00:31:41.962,76,41,Injury Stoppage,130,Ukraine,From Throw In,Slovakia,Tomáš Suslov,Left Wing,0.0,3938640,911,908,35653,,,
1077f478-65d9-4d3c-a991-58299c9198ca,2342,2,00:21:21.043,66,21,Injury Stoppage,122,Czech Republic,From Free Kick,Czech Republic,Patrik Schick,Center Forward,0.0,3938642,912,912,7044,True,,
090d6733-4ea3-449f-91d8-d3ef18bedff4,2343,2,00:21:31.722,66,31,Injury Stoppage,122,Czech Republic,From Free Kick,Georgia,Giorgi Mamardashvili,Goalkeeper,0.0,3938642,912,2138,102371,,,
d549a924-d251-46b3-ba37-056ee191c9d8,1224,1,00:27:31.166,27,31,Injury Stoppage,48,Turkey,Regular Play,Georgia,Giorgi Mamardashvili,Goalkeeper,0.0,3938639,909,2138,102371,,,
235070c3-de58-4487-9869-37d7f0dc223b,1961,1,00:45:57.284,45,57,Injury Stoppage,73,Turkey,Regular Play,Turkey,Barış Alper Yılmaz,Center Forward,0.0,3938639,909,909,134209,True,,
161d8433-ca96-425f-84c6-574420f98f77,1962,1,00:46:05.859,46,5,Injury Stoppage,73,Turkey,Regular Play,Georgia,Giorgi Kochorashvili,Left Center Midfield,0.0,3938639,909,2138,41202,,,
590d6c97-1841-466d-afed-c546f1af4883,2262,2,00:06:07.041,51,7,Injury Stoppage,86,Turkey,Regular Play,Georgia,Giorgi Mamardashvili,Goalkeeper,0.0,3938639,909,2138,102371,,,
648ba99b-7e34-448a-b1a5-3f7f950b3de5,2263,2,00:06:07.552,51,7,Injury Stoppage,86,Turkey,Regular Play,Turkey,Abdülkerim Bardakcı,Left Center Back,0.0,3938639,909,909,48383,True,,
1ca1af84-8dab-44f6-8527-520a7e4c0b68,3271,2,00:30:57.457,75,57,Injury Stoppage,125,Georgia,From Throw In,Turkey,Mert Müldür,Right Back,0.0,3938639,2138,909,10826,,,
8e142192-edce-4a10-ac7d-9aa97f21a8cb,3466,2,00:40:12.497,85,12,Injury Stoppage,136,Turkey,From Throw In,Georgia,Giorgi Mamardashvili,Goalkeeper,0.0,3938639,909,2138,102371,,,
d6802df6-fd8c-4852-9e2d-fe2dc96c474e,1794,1,00:44:25.065,44,25,Injury Stoppage,90,Poland,From Throw In,Austria,Stefan Posch,Right Back,0.0,3938641,789,915,11821,,,
8d1b4d8d-793b-4a41-9abd-f253002a5f19,2298,2,00:11:42.444,56,42,Injury Stoppage,119,Poland,From Free Kick,Austria,Gernot Trauner,Right Center Back,0.0,3938641,789,915,8778,,,
3b27c364-d556-4383-b54b-67f2ec1be4c1,2299,2,00:12:28.987,57,28,Injury Stoppage,119,Poland,From Free Kick,Poland,Jakub Moder,Left Center Midfield,0.0,3938641,789,789,29480,,,
4b5860fd-6ad8-48ce-9323-9d30848a2eac,2770,2,00:29:22.900,74,22,Injury Stoppage,145,Austria,Regular Play,Austria,Patrick Wimmer,Right Wing,0.0,3938641,915,915,33297,,,
2311393a-8f04-45e7-8edc-ca23b9bf0f97,1161,1,00:24:12.252,24,12,Injury Stoppage,37,Portugal,Regular Play,Portugal,João Félix Sequeira,Left Attacking Midfield,0.0,3938644,780,780,12041,True,,
3d56b4a9-e156-4693-afdb-62ee66e22b8f,1162,1,00:24:14.868,24,14,Injury Stoppage,37,Portugal,Regular Play,Georgia,Otar Kiteishvili,Center Defensive Midfield,0.0,3938644,780,2138,11335,,,
38fb194d-4b73-4be5-bac3-5304d1393e4e,1751,1,00:39:48.444,39,48,Injury Stoppage,59,Georgia,Regular Play,Portugal,Danilo Luís Hélio Pereira,Center Back,0.0,3938644,2138,780,13621,,,
5ec6ee96-edea-4db9-b286-6e9d845ab05f,1752,1,00:39:56.255,39,56,Injury Stoppage,59,Georgia,Regular Play,Georgia,Khvicha Kvaratskhelia,Left Center Forward,0.0,3938644,2138,2138,38229,True,,
d1beb8ed-eef8-4b2f-b6f3-afaa47f7b5ae,2318,2,00:06:33.950,51,33,Injury Stoppage,94,Georgia,Regular Play,Portugal,João Neves,Right Defensive Midfield,0.0,3938644,2138,780,143859,,,
66a8e9bc-0827-4f68-9d30-1b4379295e16,2368,2,00:09:22.160,54,22,Injury Stoppage,97,Georgia,From Free Kick,Portugal,António João Pereira Albuquerque Tavares Silva,Right Center Back,0.0,3938644,2138,780,143854,,,
66e43054-e565-42ef-b604-b91074cfb064,2534,2,00:15:55.784,60,55,Injury Stoppage,104,Georgia,Regular Play,Georgia,Luka Lochoshvili,Left Wing Back,0.0,3938644,2138,2138,48178,,,
dabbbae8-1ecf-4a38-8663-f6c22df0f782,2772,2,00:22:28.610,67,28,Injury Stoppage,116,Portugal,From Corner,Georgia,Otar Kakabadze,Right Wing Back,0.0,3938644,780,2138,25036,,,
14c932aa-6b01-48eb-947f-c5069d6d3a1a,1601,1,00:36:09.041,36,9,Injury Stoppage,61,France,Regular Play,Poland,Kacper Urbanski,Right Center Forward,0.0,3938643,771,789,33680,,,
2c061b82-43d0-4cdc-af86-b0c1f082c102,1602,1,00:36:09.935,36,9,Injury Stoppage,61,France,Regular Play,France,Dayotchanculle Upamecano,Right Center Back,0.0,3938643,771,771,8519,True,,
f9f05a64-9319-48e5-b5fe-1b288e08210a,369,1,00:07:51.919,7,51,Injury Stoppage,13,Ukraine,From Keeper,Ukraine,Illia Zabarnyi,Right Center Back,0.0,3938638,911,911,39136,True,,
24e0891e-4a82-42e5-b501-7b46745478ad,370,1,00:07:53.891,7,53,Injury Stoppage,13,Ukraine,From Keeper,Romania,Răzvan Gabriel Marin,Right Center Midfield,0.0,3938638,911,905,16344,,,
94577f3d-d779-4496-99b5-32412b2fd9f8,1572,1,00:42:16.872,42,16,Injury Stoppage,64,Romania,From Goal Kick,Romania,Marius Mihai Marin,Center Defensive Midfield,0.0,3938638,905,905,30913,,,
d48b50ec-cd9d-45c7-8a0d-812e6f37b585,1573,1,00:42:26.682,42,26,Injury Stoppage,64,Romania,From Goal Kick,Ukraine,Andriy Lunin,Goalkeeper,0.0,3938638,905,911,21390,,,
e4b35a63-bcf6-4739-a8f1-55a881d239ab,2219,2,00:14:19.697,59,19,Injury Stoppage,95,Ukraine,From Throw In,Romania,Denis Mihai Drăguş,Center Forward,0.0,3938638,911,905,31193,,,
5fabb29d-a84d-4165-841a-8820333d9569,863,1,00:25:04.876,25,4,Injury Stoppage,51,Slovakia,From Keeper,Slovakia,Ondrej Duda,Left Center Midfield,0.0,3930183,908,908,8967,,,
72c93817-6b3c-4bac-9f6a-0ed4194a415e,864,1,00:25:19.888,25,19,Injury Stoppage,51,Slovakia,From Keeper,Romania,Radu Drăgușin,Right Center Back,0.0,3930183,908,905,39615,,,
d21a6547-0924-42fc-bf20-b4a96af146c4,2808,2,00:42:44.418,87,44,Injury Stoppage,154,Romania,From Throw In,Romania,Florin Constantin Niţă,Goalkeeper,0.0,3930183,905,905,28242,,,
27ec82b3-0fc7-41f9-9920-25ad5905a6de,2809,2,00:42:57.866,87,57,Injury Stoppage,154,Romania,From Throw In,Slovakia,Milan Škriniar,Left Center Back,0.0,3930183,905,908,6990,,,
aefda4c0-ad7e-457e-a56c-9a78e51dd924,2443,2,00:12:23.772,57,23,Injury Stoppage,86,England,From Corner,Slovenia,Andraž Šporar,Right Center Forward,0.0,3930181,768,944,31866,,,
12d75220-c625-415f-864d-412189e5a106,3262,2,00:35:08.375,80,8,Injury Stoppage,112,England,Regular Play,England,Cole Palmer,Right Wing,0.0,3930181,768,768,39461,True,,
f205df59-d7d0-401c-82ab-634e748e5d7f,3263,2,00:35:09.380,80,9,Injury Stoppage,112,England,Regular Play,Slovenia,Erik Janža,Left Back,0.0,3930181,768,944,28211,,,
d1bc485c-decc-4154-9aa9-bc184b77b534,3405,2,00:38:28.815,83,28,Injury Stoppage,118,Slovenia,Regular Play,England,Cole Palmer,Right Wing,0.0,3930181,944,768,39461,,,
faf41c60-ccd8-4823-beee-5f70c912cabb,2965,2,00:22:26.478,67,26,Injury Stoppage,95,Italy,From Throw In,Croatia,Joško Gvardiol,Left Back,0.0,3930178,914,785,33018,,,
da9bfc08-b928-4063-b5ad-aa165ca79d93,3639,2,00:42:06.740,87,6,Injury Stoppage,120,Croatia,From Goal Kick,Croatia,Josip Stanišić,Right Back,0.0,3930178,785,785,49337,,,
5730a564-0787-42d5-9422-65bf7b5498a5,3640,2,00:42:23.166,87,23,Injury Stoppage,120,Croatia,From Goal Kick,Italy,Gianluigi Donnarumma,Goalkeeper,0.0,3930178,785,914,7036,,,
0b9bec61-8304-41d0-ac91-6879b0549439,1609,1,00:37:48.762,37,48,Injury Stoppage,58,Switzerland,Regular Play,Switzerland,Breel-Donald Embolo,Center Forward,0.0,3930176,773,773,5545,,,
22fefdcd-d6d8-4803-bfd6-ed59fb531636,2950,2,00:25:11.554,70,11,Injury Stoppage,115,Germany,Regular Play,Switzerland,Silvan Widmer,Right Wing Back,0.0,3930176,770,773,7796,,,
ca0543ff-9709-4256-b824-e2bd73a32a82,2951,2,00:25:19.204,70,19,Injury Stoppage,115,Germany,Regular Play,Germany,Kai Havertz,Center Forward,0.0,3930176,770,770,8966,,,
880b02ba-32ed-4369-8b7e-047c9d014008,854,1,00:23:59.994,23,59,Injury Stoppage,51,Belgium,Regular Play,Romania,Valentin Mihai Mihăilă,Left Midfield,0.0,3930175,782,905,72512,,,
2d19ad7d-275c-4ae7-8cde-795fac38beb1,855,1,00:24:46.497,24,46,Injury Stoppage,51,Belgium,Regular Play,Belgium,Romelu Lukaku Menama,Center Forward,0.0,3930175,782,782,3289,,,
267bb6af-780d-4d61-8139-320149e755b4,1979,2,00:07:16.871,52,16,Injury Stoppage,97,Belgium,From Throw In,Belgium,Jeremy Doku,Left Wing,0.0,3930175,782,782,23650,,,
1096fe2b-58c3-4ce3-811c-fc4d34845491,3005,2,00:27:28.215,72,28,Injury Stoppage,121,Portugal,From Free Kick,Portugal,Nélson Cabral Semedo,Right Back,0.0,3930174,780,780,6374,True,,
30e11ef5-33eb-4fd3-b9c0-30f582b41963,3006,2,00:27:33.683,72,33,Injury Stoppage,121,Portugal,From Free Kick,Turkey,Samet Akaydin,Right Center Back,0.0,3930174,780,909,133305,,,
3c3b1584-d15f-478a-ba1b-4baa5ea0eec4,3258,2,00:36:21.629,81,21,Injury Stoppage,134,Portugal,Regular Play,Portugal,Diogo Meireles Costa,Goalkeeper,0.0,3930174,780,780,32975,True,,
3ec4edd3-bee5-418c-a26e-32090059efcb,3259,2,00:36:23.494,81,23,Injury Stoppage,134,Portugal,Regular Play,Turkey,Altay Bayındır,Goalkeeper,0.0,3930174,780,909,30442,,,
ee917b63-d186-4746-bf8e-902477cb9c73,3664,2,00:46:31.253,91,31,Injury Stoppage,153,Turkey,Regular Play,Portugal,Diogo Meireles Costa,Goalkeeper,0.0,3930174,909,780,32975,,,
304ea32e-079b-4279-aa64-69bf5fdcce4a,3665,2,00:46:31.685,91,31,Injury Stoppage,153,Turkey,Regular Play,Turkey,Ferdi Erenay Kadıoğlu,Left Back,0.0,3930174,909,909,30438,True,,
5ee5af7d-188b-463c-9dc6-45b73d45f3a9,3709,2,00:48:17.973,93,17,Injury Stoppage,156,Turkey,Regular Play,Portugal,Diogo Meireles Costa,Goalkeeper,0.0,3930174,909,780,32975,,,
e418d289-9cc6-445e-8e42-bf6602bef75f,2183,2,00:05:15.736,50,15,Injury Stoppage,87,Serbia,From Corner,Slovenia,Erik Janža,Left Back,0.0,3930170,786,944,28211,,,
d5d6f495-a6a8-429a-9c59-819199909deb,3206,2,00:35:26.814,80,26,Injury Stoppage,124,Serbia,From Throw In,Slovenia,Jaka Bijol,Left Center Back,0.0,3930170,786,944,16047,True,,
f80e893a-1153-41d8-a71c-3f87b15ab50f,3207,2,00:35:46.071,80,46,Injury Stoppage,124,Serbia,From Throw In,Serbia,Ivan Ilić,Right Defensive Midfield,0.0,3930170,786,786,30179,,,
ca486617-8c9b-4cac-9972-e128fbd82e3c,546,1,00:16:50.025,16,50,Injury Stoppage,38,Scotland,Regular Play,Scotland,Callum McGregor,Left Defensive Midfield,0.0,3930169,942,942,10534,,,
12367bb5-ec72-4524-bc85-896c6c5aa3c0,560,1,00:17:44.227,17,44,Injury Stoppage,42,Switzerland,From Corner,Switzerland,Fabian Lukas Schär,Right Center Back,0.0,3930169,773,773,5537,True,,
532d8ea5-b099-4525-8175-df6ee41b6f3b,561,1,00:17:44.749,17,44,Injury Stoppage,42,Switzerland,From Corner,Scotland,Anthony Ralston,Right Wing Back,0.0,3930169,773,942,22308,,,
77f5a724-c9f9-4aeb-9729-e95bc49fee4f,761,1,00:24:12.819,24,12,Injury Stoppage,50,Switzerland,Regular Play,Switzerland,Fabian Lukas Schär,Right Center Back,0.0,3930169,773,773,5537,True,,
8287c41a-55d3-4e60-9f31-07cd36562680,762,1,00:24:13.671,24,13,Injury Stoppage,50,Switzerland,Regular Play,Scotland,Scott McTominay,Center Attacking Midfield,0.0,3930169,773,942,3620,,,
d98bbab3-92e6-4cd8-bb24-e6ec7f9b2b56,1779,2,00:04:42.829,49,42,Injury Stoppage,100,Scotland,From Throw In,Switzerland,Manuel Obafemi Akanji,Center Back,0.0,3930169,942,773,5549,,,
037d258f-b5dd-4978-95b5-b2d7d167c8ab,1781,2,00:04:42.937,49,42,Injury Stoppage,100,Scotland,From Throw In,Scotland,John McGinn,Left Center Forward,0.0,3930169,942,942,9974,,,
70e593ae-6a35-41b4-a0f0-2b47559aeea1,2111,2,00:13:30.331,58,30,Injury Stoppage,118,Switzerland,Regular Play,Switzerland,Yann Sommer,Goalkeeper,0.0,3930169,773,773,5550,,,
c4a146e7-9f95-4a84-a0c5-1a97c754aaa6,2112,2,00:13:36.080,58,36,Injury Stoppage,118,Switzerland,Regular Play,Scotland,Kieran Tierney,Left Center Back,0.0,3930169,773,942,10540,,,
105d609f-9a16-4ef4-89e2-d191f9b15280,625,1,00:14:07.908,14,7,Injury Stoppage,25,Portugal,From Free Kick,Czech Republic,Tomáš Souček,Center Defensive Midfield,0.0,3930166,780,912,4870,,,
0e4f317c-bc0a-4233-8855-1a5ef9063fff,1583,1,00:36:16.215,36,16,Injury Stoppage,58,Portugal,Regular Play,Czech Republic,Tomáš Souček,Center Defensive Midfield,0.0,3930166,780,912,4870,,,
30001068-2338-4f15-a99e-edac98bc0d7c,2056,2,00:01:34.460,46,34,Injury Stoppage,77,Portugal,Regular Play,Portugal,Nuno Mendes,Left Center Back,0.0,3930166,780,780,41092,True,,
5fc4234a-3c90-4d60-901b-fac431b5fc9a,1816,1,00:40:07.858,40,7,Injury Stoppage,54,Serbia,Regular Play,Serbia,Filip Kostić,Left Wing Back,0.0,3930163,786,786,5591,,,
c03746da-1230-4214-935f-d9b76c09708e,1817,1,00:40:08.981,40,8,Injury Stoppage,54,Serbia,Regular Play,England,Jude Bellingham,Center Attacking Midfield,0.0,3930163,786,768,30714,,,
09c327f8-9f22-48df-b30f-3736a0fac019,2806,2,00:13:34.894,58,34,Injury Stoppage,85,England,Regular Play,Serbia,Aleksandar Mitrović,Left Center Forward,0.0,3930163,768,786,4269,,,
80e1bb5e-c784-42ce-92e8-8854a1f33196,3421,2,00:33:44.855,78,44,Injury Stoppage,111,England,Regular Play,Serbia,Predrag Rajković,Goalkeeper,0.0,3930163,768,786,15731,,,
bdb478cb-418e-4ffe-958e-f58995613cee,3422,2,00:33:50.414,78,50,Injury Stoppage,111,England,Regular Play,England,Kieran Trippier,Left Back,0.0,3930163,768,768,3308,,,
db4f4a14-ce2c-4a07-a494-aad86dd273eb,134,1,00:02:14.807,2,14,Injury Stoppage,3,Denmark,Regular Play,Slovenia,Vanja Drkušić,Right Center Back,0.0,3930162,776,944,205932,,,
bc27b7e7-ae3c-4037-9325-0e232d4d77e7,136,1,00:02:20.954,2,20,Injury Stoppage,3,Denmark,Regular Play,Denmark,Rasmus Winther Højlund,Left Center Forward,0.0,3930162,776,776,51672,True,,
882099f6-d300-4134-8fe9-915e19d71029,2145,2,00:06:52.114,51,52,Injury Stoppage,75,Slovenia,From Throw In,Slovenia,Timi Elšnik,Left Defensive Midfield,0.0,3930162,944,944,15896,,,
1822211f-f547-4c2d-b166-20bce8bcb469,3260,2,00:40:55.822,85,55,Injury Stoppage,130,Slovenia,Regular Play,Denmark,Morten Hjulmand,Right Defensive Midfield,0.0,3930162,944,776,8621,,,
08a9528e-d077-4a94-a7be-1f20e2eae04c,1509,1,00:37:46.336,37,46,Injury Stoppage,64,Croatia,From Goal Kick,Croatia,Ante Budimir,Center Forward,0.0,3930160,785,785,8654,,,
16dc2386-a9df-4a02-932a-3f73207af6e9,1511,1,00:37:47.406,37,47,Injury Stoppage,65,Spain,Regular Play,Spain,Pedro González López,Center Attacking Midfield,0.0,3930160,772,772,30486,True,,
1fb85f85-eb68-405f-b08f-1a03388ec41a,1966,2,00:02:55.454,47,55,Injury Stoppage,89,Spain,From Throw In,Croatia,Ante Budimir,Center Forward,0.0,3930160,772,785,8654,,,
da189ff4-b95c-4ca2-928c-0acd0250128f,1967,2,00:02:58.762,47,58,Injury Stoppage,89,Spain,From Throw In,Spain,Daniel Carvajal Ramos,Right Back,0.0,3930160,772,772,5721,True,,
484832b6-b865-4772-9adf-4431dcf3ee7c,2093,2,00:05:46.145,50,46,Injury Stoppage,97,Croatia,From Throw In,Spain,Rodrigo Hernández Cascante,Right Defensive Midfield,0.0,3930160,785,772,6765,,,
bcca9fa9-b0f5-4a39-8ec3-7ef81bcd5dba,2094,2,00:05:46.523,50,46,Injury Stoppage,97,Croatia,From Throw In,Croatia,Luka Modrić,Right Center Midfield,0.0,3930160,785,785,5463,,,
017a1048-0a72-4376-9e83-75ea466d475a,3237,2,00:34:24.795,79,24,Injury Stoppage,147,Croatia,Other,Spain,Unai Simón Mendibil,Goalkeeper,0.0,3930160,785,772,11748,,,
9f0d2afd-0a4d-40e4-a509-f5547e890a0b,3368,2,00:39:06.106,84,6,Injury Stoppage,155,Spain,From Keeper,Spain,Rodrigo Hernández Cascante,Left Defensive Midfield,0.0,3930160,772,772,6765,,,
054425c9-5ff1-49e7-b073-2c388081db25,2360,2,00:18:58.869,63,58,Injury Stoppage,105,Hungary,Regular Play,Switzerland,Silvan Widmer,Right Wing Back,0.0,3930159,916,773,7796,,,
1a69c6d9-a7e5-45b7-b757-94e387b6c417,2826,2,00:34:47.580,79,47,Injury Stoppage,130,Hungary,From Throw In,Switzerland,Fabian Lukas Schär,Right Center Back,0.0,3930159,916,773,5537,,,
234ec7aa-9036-4f02-8078-c2967b9b8a32,3048,2,00:39:51.304,84,51,Injury Stoppage,137,Switzerland,From Free Kick,Switzerland,Dan Ndoye,Right Attacking Midfield,0.0,3930159,773,773,45190,,,
