id,index,period,timestamp,minute,second,type,possession,possession_team,play_pattern,team,player,position,duration,match_id,substitution_outcome,substitution_replacement,possession_team_id,team_id,player_id,substitution_outcome_id,substitution_replacement_id,off_camera
2060205f-d252-40dc-8a94-3fcc9221fd2b,1101,1,00:34:24.884,34,24,Substitution,38,England,Regular Play,Netherlands,Memphis Depay,Center Forward,0.0,3942819,Injury,Joey Veerman,768,941,2988,102,21633,
a62ffce6-a30b-449c-a845-fb76e8bc6127,1700,2,00:00:00.000,45,0,Substitution,50,England,From Goal Kick,England,Kieran Trippier,Left Wing Back,0.0,3942819,Tactical,Luke Shaw,768,768,3308,103,3382,
9f9c118a-f3d3-43c7-8fe8-93d2b3482e09,1701,2,00:00:00.000,45,0,Substitution,50,England,From Goal Kick,Netherlands,Donyell Malen,Center Forward,0.0,3942819,Tactical,Wout Weghorst,768,941,15582,103,7829,
71d9ce18-2a69-42fb-bb1f-cee225f1d8fb,3015,2,00:34:28.878,79,28,Substitution,96,England,From Throw In,England,Phil Foden,Right Attacking Midfield,0.0,3942819,Tactical,Cole Palmer,768,768,4354,103,39461,
0b155a8b-2a22-415e-8ceb-d847b3394d68,3016,2,00:34:41.166,79,41,Substitution,96,England,From Throw In,England,Harry Kane,Center Forward,0.0,3942819,Tactical,Ollie Watkins,768,768,10955,103,4760,
f5f74a59-5933-43f3-81f2-43d29ba955e3,3393,2,00:47:13.994,92,13,Substitution,109,England,From Free Kick,England,Kobbie Mainoo,Right Defensive Midfield,0.0,3942819,Tactical,Conor Gallagher,768,768,99174,103,29399,
75fed5f4-7f28-4851-890b-8976dd4451da,3394,2,00:47:17.677,92,17,Substitution,109,England,From Free Kick,England,Bukayo Saka,Right Wing Back,0.0,3942819,Tactical,Ezri Konsa Ngoyo,768,768,22084,103,3822,
380525a2-ee81-42e6-9d1b-fe4e760b37e9,3395,2,00:47:40.232,92,40,Substitution,109,England,From Free Kick,Netherlands,Xavi Simons,Right Wing,0.0,3942819,Tactical,Brian Brobbey,768,941,39167,103,21880,True
58d2ef10-4fd9-4472-b05a-662d359a99fc,3396,2,00:47:42.991,92,42,Substitution,109,England,From Free Kick,Netherlands,Denzel Dumfries,Right Back,0.0,3942819,Tactical,Joshua Zirkzee,768,941,8125,103,33281,True
43f6d129-fbe6-40ec-ac57-d70c318e0a5f,1708,2,00:00:00.000,45,0,Substitution,79,Spain,Regular Play,Spain,Rodrigo Hernández Cascante,Right Defensive Midfield,0.0,3943043,Injury,Martín Zubimendi Ibáñez,772,772,6765,102,24921,
8cc54b57-65a9-4146-a5ac-2c4f83e8dcf0,2382,2,00:15:41.820,60,41,Substitution,98,England,Regular Play,England,Harry Kane,Center Forward,0.0,3943043,Tactical,Ollie Watkins,768,768,10955,103,4760,
db67d047-1876-407a-a3ca-9bf5a75762ae,2536,2,00:22:19.179,67,19,Substitution,106,Spain,From Corner,Spain,Álvaro Borja Morata Martín,Center Forward,0.0,3943043,Tactical,Mikel Oyarzabal Ugarte,772,772,3477,103,6685,
dd3d18ce-e80a-427d-99de-94ad614a0491,2592,2,00:24:53.413,69,53,Substitution,110,Spain,From Corner,England,Kobbie Mainoo,Right Defensive Midfield,0.0,3943043,Tactical,Cole Palmer,772,768,99174,103,39461,
e985a265-25af-4820-9865-0b6a79caf7fa,3066,2,00:37:38.093,82,38,Substitution,131,England,Regular Play,Spain,Robin Aime Robert Le Normand,Right Center Back,0.0,3943043,Tactical,José Ignacio Fernández Iglesias,768,772,22128,103,5202,
c2cd54c9-4ff0-41dc-97b7-098f9bc78ce9,3245,2,00:43:40.697,88,40,Substitution,137,England,From Kick Off,Spain,Lamine Yamal Nasraoui Ebana,Right Wing,0.0,3943043,Tactical,Mikel Merino Zazón,768,772,316046,103,3042,
fc2c450a-44b9-49ed-a26c-53d428fcaf1d,3246,2,00:44:12.563,89,12,Substitution,137,England,From Kick Off,England,Phil Foden,Left Wing,0.0,3943043,Tactical,Ivan Toney,768,768,4354,103,3834,
f0aba5c6-8cb3-41b1-8263-3eb72a6fcf02,2020,2,00:12:17.305,57,17,Substitution,94,Spain,Regular Play,Spain,Jesús Navas González,Right Back,0.0,3942752,Injury,Daniel Vivian Moreno,772,772,6821,102,41542,
a2ad04d3-29f1-44d8-b2be-ff748ed65025,2159,2,00:16:32.839,61,32,Substitution,100,France,Regular Play,France,Adrien Rabiot,Left Center Midfield,0.0,3942752,Tactical,Eduardo Camavinga,771,771,3026,103,24778,
100918e7-3bb1-4f9a-be8f-dc98b30fd07d,2160,2,00:16:38.285,61,38,Substitution,100,France,Regular Play,France,Randal Kolo Muani,Center Forward,0.0,3942752,Tactical,Bradley Barcola,771,771,22097,103,39420,
b2dcef6b-5887-423f-ae6c-e9e6b5ed2c28,2161,2,00:16:39.170,61,39,Substitution,100,France,Regular Play,France,N'Golo Kanté,Right Center Midfield,0.0,3942752,Tactical,Antoine Griezmann,771,771,3961,103,5487,
9522455e-aaab-48cf-8bea-01afe8677ecc,2746,2,00:30:47.985,75,47,Substitution,120,France,Regular Play,Spain,Daniel Olmo Carvajal,Center Attacking Midfield,0.0,3942752,Tactical,Mikel Merino Zazón,771,772,16532,103,3042,
cb877d5f-385f-4152-9cf8-112cd17c597b,2747,2,00:31:00.223,76,0,Substitution,120,France,Regular Play,Spain,Álvaro Borja Morata Martín,Center Forward,0.0,3942752,Tactical,Mikel Oyarzabal Ugarte,771,772,3477,103,6685,
0ae3491d-a573-47d7-b39f-5952738378c1,2834,2,00:33:06.322,78,6,Substitution,124,Spain,Regular Play,France,Ousmane Dembélé,Right Wing,0.0,3942752,Tactical,Olivier Giroud,772,771,5477,103,3604,
2bad159a-1476-4ecb-ad3b-85de458522c9,3209,2,00:47:58.824,92,58,Substitution,148,Spain,Regular Play,Spain,Lamine Yamal Nasraoui Ebana,Right Wing,0.0,3942752,Tactical,Ferrán Torres García,772,772,316046,103,6748,
cb077e09-1a66-4e52-a375-7f54bbdccbed,3210,2,00:48:14.891,93,14,Substitution,148,Spain,Regular Play,Spain,Nicholas Williams Arthuer,Left Wing,0.0,3942752,Tactical,Martín Zubimendi Ibáñez,772,772,68574,103,24921,
178702ab-b5f7-4548-8454-edf5ddf1469b,1872,2,00:00:00.000,45,0,Substitution,62,Turkey,Regular Play,Netherlands,Steven Bergwijn,Right Wing,0.0,3942382,Tactical,Wout Weghorst,909,941,8259,103,7829,True
1daa7e3b-f99e-4281-8ca3-c284ea59e77b,2787,2,00:27:42.501,72,42,Substitution,101,Turkey,From Free Kick,Netherlands,Tijjani Reijnders,Left Defensive Midfield,0.0,3942382,Tactical,Joey Veerman,909,941,21582,103,21633,
1eba50dc-33f2-4189-a353-c6bb9e48f461,2788,2,00:28:01.367,73,1,Substitution,101,Turkey,From Free Kick,Netherlands,Nathan Aké,Left Back,0.0,3942382,Tactical,Micky van de Ven,909,941,3306,103,32547,
4890b434-66bd-454e-8356-2e1d446213e2,2908,2,00:31:36.413,76,36,Substitution,103,Netherlands,From Corner,Turkey,Kenan Yildiz,Left Wing,0.0,3942382,Tactical,Muhammed Kerem Aktürkoğlu,941,909,151813,103,49689,
358c60f8-ae27-4204-b211-6dc3238f3048,2909,2,00:31:45.454,76,45,Substitution,103,Netherlands,From Corner,Turkey,Salih Özcan,Right Defensive Midfield,0.0,3942382,Tactical,Okay Yokuşlu,941,909,9085,103,12555,
37ec3cef-a1dc-411c-a72f-88f44c844f20,2973,2,00:36:17.733,81,17,Substitution,105,Netherlands,Regular Play,Turkey,Mert Müldür,Right Wing Back,0.0,3942382,Tactical,Mehmet Zeki Çelik,941,909,10826,103,10349,
b62e4f06-7768-4386-9140-052cdab53644,2974,2,00:36:30.301,81,30,Substitution,105,Netherlands,Regular Play,Turkey,Samet Akaydin,Center Back,0.0,3942382,Injury,Cenk Tosun,941,909,133305,102,3648,
74cdf65e-899f-4177-871c-694bea69fbb3,3185,2,00:41:43.892,86,43,Substitution,113,Netherlands,Regular Play,Netherlands,Memphis Depay,Center Attacking Midfield,0.0,3942382,Tactical,Jeremie Frimpong,941,941,2988,103,32712,
016b69c3-59c8-4329-81d9-f90cc93f88c5,3186,2,00:41:47.208,86,47,Substitution,113,Netherlands,Regular Play,Netherlands,Xavi Simons,Right Wing,0.0,3942382,Tactical,Joshua Zirkzee,941,941,39167,103,33281,
4a16cb3e-d62c-4858-bfa4-f1579353ac1b,3251,2,00:43:22.982,88,22,Substitution,115,Turkey,From Throw In,Turkey,Kaan Ayhan,Right Center Back,0.0,3942382,Tactical,Semih Kılıçsoy,909,909,12293,103,149576,
05dbfa43-ded0-4f47-9b79-3aada5645c1a,2826,2,00:21:03.845,66,3,Substitution,100,France,Regular Play,France,Antoine Griezmann,Center Attacking Midfield,0.0,3942349,Tactical,Ousmane Dembélé,771,771,5487,103,5477,
c6b3c1e0-a4ae-4f2a-a0f6-1c1dcbf1110b,3174,2,00:28:38.439,73,38,Substitution,107,France,From Throw In,Portugal,Bruno Miguel Borges Fernandes,Center Attacking Midfield,0.0,3942349,Tactical,Francisco Fernandes Conceição,771,780,5204,103,39624,
81f7bf6e-dac4-4561-a134-fc2558eaae16,3175,2,00:28:59.519,73,59,Substitution,107,France,From Throw In,Portugal,João Pedro Cavaco Cancelo,Right Back,0.0,3942349,Tactical,Nélson Cabral Semedo,771,780,7005,103,6374,
21bf691c-8f3e-44df-9186-3440f054c293,3577,2,00:40:22.182,85,22,Substitution,119,Portugal,From Free Kick,France,Randal Kolo Muani,Center Forward,0.0,3942349,Tactical,Marcus Thuram,780,771,22097,103,2972,
9a59b673-bc54-4363-82f0-0cf19f179690,3771,2,00:46:13.945,91,13,Substitution,129,France,From Corner,Portugal,João Maria Lobo Alves Palhinha Gonçalves,Right Defensive Midfield,0.0,3942349,Tactical,Rúben Diogo Da Silva Neves,771,780,12169,103,9927,
fc044411-950d-44de-aa61-ce9605193b75,3838,3,00:00:00.000,90,0,Substitution,133,Portugal,From Keeper,France,Eduardo Camavinga,Left Center Midfield,0.0,3942349,Tactical,Youssouf Fofana,780,771,24778,103,11990,
553b0420-0c6c-4b52-a895-b1c51d6a04f4,4571,4,00:00:00.000,105,0,Substitution,150,France,From Goal Kick,France,Kylian Mbappé Lottin,Left Wing,0.0,3942349,Injury,Bradley Barcola,771,771,3009,102,39420,
a0f46038-7080-46ae-87a3-3f8dba171675,4572,4,00:00:00.000,105,0,Substitution,150,France,From Goal Kick,Portugal,Rafael Alexandre Conceição Leão,Left Midfield,0.0,3942349,Tactical,João Félix Sequeira,771,780,18360,103,12041,
33667b97-a6f2-42f1-8972-c12c8ae72f35,5073,4,00:12:58.454,117,58,Substitution,172,France,From Corner,Portugal,Vitor Machado Ferreira,Left Defensive Midfield,0.0,3942349,Tactical,Matheus Luiz Nunes,771,780,34639,103,40874,
2094f195-98c7-4171-a331-beb1e7181147,1299,1,00:34:11.883,34,11,Substitution,59,Netherlands,From Free Kick,Netherlands,Joey Veerman,Left Center Midfield,0.0,3930180,Tactical,Xavi Simons,941,941,21633,103,39167,
f2fd0565-6c13-4641-b6a5-7bb502998078,2199,2,00:16:30.759,61,30,Substitution,108,Netherlands,Regular Play,Austria,Philipp Lienhart,Right Center Back,0.0,3930180,Tactical,Leopold Querfeld,941,915,8931,103,152512,
043205cc-20b8-412f-999a-a05b35d743f3,2200,2,00:17:27.416,62,27,Substitution,108,Netherlands,Regular Play,Austria,Patrick Wimmer,Left Wing,0.0,3930180,Tactical,Christoph Baumgartner,941,915,33297,103,24977,
a2c82994-5e00-41f0-801c-182deabc49a4,2201,2,00:18:24.780,63,24,Substitution,108,Netherlands,Regular Play,Austria,Florian Grillitsch,Left Defensive Midfield,0.0,3930180,Tactical,Konrad Laimer,941,915,11396,103,8506,
6a3bdc21-2b4f-47c4-a2c2-f2799cbd964b,2234,2,00:19:46.191,64,46,Substitution,110,Netherlands,Regular Play,Netherlands,Tijjani Reijnders,Left Defensive Midfield,0.0,3930180,Tactical,Georginio Wijnaldum,941,941,21582,103,3567,
6379858e-ac74-4f75-9c06-1d294e0f2eee,2236,2,00:19:59.773,64,59,Substitution,110,Netherlands,Regular Play,Netherlands,Nathan Aké,Left Back,0.0,3930180,Tactical,Micky van de Ven,941,941,3306,103,32547,
987a980d-5e06-4474-9277-e2196951b827,2408,2,00:26:05.487,71,5,Substitution,122,Netherlands,Regular Play,Netherlands,Donyell Malen,Right Wing,0.0,3930180,Tactical,Wout Weghorst,941,941,15582,103,7829,
39a4aaa0-ded0-4a3a-ad94-def1206a1faa,2582,2,00:32:49.256,77,49,Substitution,129,Netherlands,From Free Kick,Austria,Marko Arnautović,Center Forward,0.0,3930180,Tactical,Michael Gregoritsch,941,915,3325,103,8309,
c5d9f1db-9104-4e44-b7ae-1b30e06e1f28,3039,2,00:46:12.359,91,12,Substitution,155,Austria,From Keeper,Austria,Romano Schmid,Right Wing,0.0,3930180,Tactical,Andreas Weimann,915,915,8784,103,4813,
e3e9b6ec-8f95-4bcf-99f3-0d0db36ff33d,2475,2,00:08:26.874,53,26,Substitution,76,Denmark,From Goal Kick,England,Trent Alexander-Arnold,Right Defensive Midfield,0.0,3930171,Tactical,Conor Gallagher,776,768,3664,103,29399,
f6a9baa2-71b0-4e6a-abc5-63d58e331a97,2560,2,00:11:13.745,56,13,Substitution,78,England,From Throw In,Denmark,Victor Bernth Kristansen,Left Wing Back,0.0,3930171,Tactical,Alexander Hartmann Bah,768,776,60343,103,24547,
8d5e674d-e5df-42a0-9ddb-42c10a6d79b2,2561,2,00:11:17.890,56,17,Substitution,78,England,From Throw In,Denmark,Jonas Older Wind,Left Wing,0.0,3930171,Tactical,Mikkel Damsgaard,768,776,21261,103,24443,
300aa96a-f6fb-496f-9200-e43ba42c7eca,2979,2,00:21:22.069,66,22,Substitution,95,England,Regular Play,Denmark,Rasmus Winther Højlund,Center Forward,0.0,3930171,Tactical,Yussuf Yurary Poulsen,768,776,51672,103,5536,
6ef4f4d8-b1c2-41c9-a153-5f3611756bdd,3040,2,00:23:08.648,68,8,Substitution,99,Denmark,Regular Play,England,Phil Foden,Left Wing,0.0,3930171,Tactical,Jarrod Bowen,776,768,4354,103,9640,
ee6017ca-82fb-4836-bf10-ba53a7f7f9c2,3041,2,00:23:33.674,68,33,Substitution,99,Denmark,Regular Play,England,Harry Kane,Center Forward,0.0,3930171,Tactical,Ollie Watkins,776,768,10955,103,4760,
ad6eba94-47ce-4c20-8d96-3b6769b49be0,3042,2,00:23:55.193,68,55,Substitution,99,Denmark,Regular Play,England,Bukayo Saka,Right Wing,0.0,3930171,Tactical,Eberechi Eze,776,768,22084,103,9000,
338015bc-3401-4d5c-9d03-c038bf702f44,3519,2,00:36:55.240,81,55,Substitution,124,England,From Throw In,Denmark,Christian Dannemann Eriksen,Right Wing,0.0,3930171,Tactical,Andreas Skov Olsen,768,776,3043,103,17042,
1823ca94-2b58-4117-8cf7-72e8d4863ae3,3520,2,00:36:59.562,81,59,Substitution,124,England,From Throw In,Denmark,Morten Hjulmand,Right Defensive Midfield,0.0,3930171,Tactical,Christian Nørgaard,768,776,8621,103,7097,
8bdae5eb-c181-41e9-9798-3324939f3292,2658,2,00:17:53.959,62,53,Substitution,92,England,Regular Play,Switzerland,Fabian Rieder,Right Attacking Midfield,0.0,3942227,Tactical,Steven Zuber,768,773,50436,103,5548,
a8bc6a68-881d-4f47-90eb-27675ac73a9a,2659,2,00:18:00.693,63,0,Substitution,92,England,Regular Play,Switzerland,Ruben Vargas,Left Attacking Midfield,0.0,3942227,Tactical,Silvan Widmer,768,773,30401,103,7796,
07016001-6378-4821-bcd9-d64e564bc34a,3146,2,00:32:18.573,77,18,Substitution,107,Switzerland,Regular Play,England,Kobbie Mainoo,Right Defensive Midfield,0.0,3942227,Tactical,Luke Shaw,773,768,99174,103,3382,
402b0fef-1ad6-4896-bc39-e02b7be1607e,3147,2,00:32:23.180,77,23,Substitution,107,Switzerland,Regular Play,England,Kieran Trippier,Left Wing Back,0.0,3942227,Tactical,Eberechi Eze,773,768,3308,103,9000,
620943c4-0381-405d-8391-e30658bd1cf7,3149,2,00:33:26.204,78,26,Substitution,108,Switzerland,From Throw In,England,Ezri Konsa Ngoyo,Left Center Back,0.0,3942227,Tactical,Cole Palmer,773,768,3822,103,39461,
23d982f8-b354-4355-9a11-14e7a778ae49,4001,3,00:07:40.899,97,40,Substitution,136,Switzerland,Regular Play,Switzerland,Dan Ndoye,Right Attacking Midfield,0.0,3942227,Tactical,Denis Lemi Zakaria Lako Lado,773,773,45190,103,5538,
35f4bde4-413b-456e-a964-f23e0d3b133b,4419,4,00:03:33.056,108,33,Substitution,148,Switzerland,Regular Play,Switzerland,Breel-Donald Embolo,Center Forward,0.0,3942227,Tactical,Xherdan Shaqiri,773,773,5545,103,3533,
ebd7aaa6-a67a-4115-8c8e-65b977be928c,4420,4,00:04:00.946,109,0,Substitution,148,Switzerland,Regular Play,England,Harry Kane,Center Forward,0.0,3942227,Tactical,Ivan Toney,773,768,10955,103,3834,
d73c6bd1-2496-4ccc-b1f2-6c2fc323006c,4647,4,00:09:00.310,114,0,Substitution,153,England,Regular Play,England,Phil Foden,Left Attacking Midfield,0.0,3942227,Tactical,Trent Alexander-Arnold,768,768,4354,103,3664,
00c2b013-73c4-47c1-a97b-3abdb32eca36,4737,4,00:12:31.316,117,31,Substitution,158,Switzerland,Regular Play,Switzerland,Michel Aebischer,Left Wing Back,0.0,3942227,Tactical,Mohamed Zeki Amdouni,773,773,16016,103,48335,
f2c5e695-3fdd-4114-91cd-af24bed4b687,4738,4,00:12:41.209,117,41,Substitution,158,Switzerland,Regular Play,Switzerland,Remo Freuler,Right Defensive Midfield,0.0,3942227,Tactical,Vincent Sierro,773,773,6983,103,11457,
e206cceb-bcf8-49f6-8f5b-842255f9ec0d,187,1,00:07:43.964,7,43,Substitution,12,Spain,From Free Kick,Spain,Pedro González López,Right Center Midfield,0.0,3942226,Injury,Daniel Olmo Carvajal,772,772,30486,102,16532,
4a03f2c1-9c2a-4e59-9e08-07bfefc47269,1704,2,00:00:00.000,45,0,Substitution,73,Germany,From Free Kick,Germany,Leroy Sané,Right Wing,0.0,3942226,Tactical,Florian Wirtz,770,770,3053,103,40724,
0a032f7b-b571-41bb-9433-52a74be49ae5,1705,2,00:00:00.000,45,0,Substitution,73,Germany,From Free Kick,Spain,Robin Aime Robert Le Normand,Right Center Back,0.0,3942226,Tactical,José Ignacio Fernández Iglesias,770,772,22128,103,5202,
cdd2dee0-2879-42f3-a90a-3a8f951a5296,1706,2,00:00:00.000,45,0,Substitution,73,Germany,From Free Kick,Germany,Emre Can,Right Defensive Midfield,0.0,3942226,Tactical,Robert Andrich,770,770,3493,103,9195,
b33cc1f7-0d04-4666-9bd5-a6222677de73,2069,2,00:11:13.007,56,13,Substitution,90,Spain,Regular Play,Germany,David Raum,Left Back,0.0,3942226,Tactical,Maximilian Mittelstädt,772,770,12034,103,12407,
8f58e9ff-0855-4bb4-a2e1-60bb36d8435d,2070,2,00:11:37.766,56,37,Substitution,90,Spain,Regular Play,Germany,İlkay Gündoğan,Center Attacking Midfield,0.0,3942226,Tactical,Niclas Füllkrug,772,770,10287,103,8546,
a1121e91-82f1-41ed-8715-a99423b7999b,2288,2,00:17:29.081,62,29,Substitution,100,Germany,From Throw In,Spain,Lamine Yamal Nasraoui Ebana,Right Wing,0.0,3942226,Tactical,Ferrán Torres García,770,772,316046,103,6748,
3dedce48-0f01-4a0b-a6b5-47defa701012,2911,2,00:34:10.281,79,10,Substitution,131,Spain,Regular Play,Spain,Álvaro Borja Morata Martín,Center Forward,0.0,3942226,Tactical,Mikel Oyarzabal Ugarte,772,772,3477,103,6685,
8bab6144-c821-4396-bbc3-5b28d8b721e8,2912,2,00:34:10.924,79,10,Substitution,131,Spain,Regular Play,Spain,Nicholas Williams Arthuer,Left Wing,0.0,3942226,Tactical,Mikel Merino Zazón,772,772,68574,103,3042,
7df53497-e054-47ee-89c2-8fc2e96664d3,2914,2,00:34:45.637,79,45,Substitution,132,Spain,From Throw In,Germany,Jonathan Tah,Left Center Back,0.0,3942226,Tactical,Thomas Müller,772,770,8221,103,5562,
0169575c-0c63-46ce-98a6-b2fb03c4e19d,3359,3,00:00:00.000,90,0,Substitution,158,Germany,From Free Kick,Germany,Kai Havertz,Right Center Forward,0.0,3942226,Tactical,Waldemar Anton,770,770,8966,103,8538,
e594cd3a-97da-4179-bc85-9cc35d5e0ab7,3796,3,00:11:47.570,101,47,Substitution,176,Germany,From Free Kick,Spain,Fabián Ruiz Peña,Left Center Midfield,0.0,3942226,Injury,José Luis Sanmartín Mato,770,772,6655,102,3265,
dcdb8a74-60a6-49e7-be72-eb0e5ffd780b,2321,2,00:12:25.091,57,25,Substitution,96,Belgium,Regular Play,Ukraine,Vitalii Mykolenko,Left Wing Back,0.0,3938645,Injury,Oleksandr Zinchenko,782,911,20827,102,3575,True
7a2b946f-2c1e-4777-9606-f3b380fbb071,2492,2,00:16:02.101,61,2,Substitution,103,Belgium,Regular Play,Belgium,Youri Tielemans,Left Defensive Midfield,0.0,3938645,Tactical,Orel Mangala,782,782,2954,103,8950,
82b24b9f-dd8c-4994-b6aa-12de3b70e4ca,2493,2,00:16:18.062,61,18,Substitution,103,Belgium,Regular Play,Belgium,Leandro Trossard,Right Wing,0.0,3938645,Tactical,Yannick Ferreira Carrasco,782,782,16559,103,5633,
d0966892-674a-43be-b482-fd692111c398,2767,2,00:24:35.449,69,35,Substitution,118,Belgium,Regular Play,Ukraine,Mykola Shaparenko,Right Center Midfield,0.0,3938645,Tactical,Vladyslav Vanat,782,911,21294,103,40141,
6d56fb01-4f99-4687-b94b-4031563c419b,2768,2,00:24:37.590,69,37,Substitution,118,Belgium,Regular Play,Ukraine,Volodymyr Brazhko,Center Defensive Midfield,0.0,3938645,Tactical,Taras Stepanenko,782,911,144127,103,11000,
9dde3871-8cf3-4c99-89a0-48703de435a1,2769,2,00:24:43.258,69,43,Substitution,118,Belgium,Regular Play,Ukraine,Roman Yaremchuk,Left Center Forward,0.0,3938645,Tactical,Ruslan Malinovskiy,782,911,23649,103,16557,
c119c010-f78e-458e-b69c-e4f26e422744,3062,2,00:31:45.924,76,45,Substitution,132,Belgium,From Throw In,Belgium,Jeremy Doku,Left Wing,0.0,3938645,Tactical,Johan Bakayoko,782,782,23650,103,52218,
8908ccbd-52b4-4734-8c3f-db2b26fb4529,3129,2,00:35:03.849,80,3,Substitution,136,Belgium,From Goal Kick,Ukraine,Oleksandr Svatok,Center Back,0.0,3938645,Tactical,Andriy Yarmolenko,782,911,30059,103,8830,
fc23aaa2-bc70-473e-9da2-bdaba92e5642,3386,2,00:44:20.109,89,20,Substitution,153,Belgium,Other,Belgium,Romelu Lukaku Menama,Center Forward,0.0,3938645,Tactical,Ikoma Loïs Openda,782,782,3289,103,16275,
adbcfd53-6373-4b43-828a-d174e2091ee2,1652,2,00:00:00.000,45,0,Substitution,77,Turkey,From Throw In,Turkey,Salih Özcan,Right Defensive Midfield,0.0,3930184,Tactical,Kaan Ayhan,909,909,9085,103,12293,
15ac09a6-00df-4701-a9e8-116d33d463da,1867,2,00:09:29.351,54,29,Substitution,89,Turkey,From Keeper,Czech Republic,Jindřich Staněk,Goalkeeper,0.0,3930184,Injury,Matěj Kovář,909,912,28040,102,46046,
e0f0ac00-1e1f-41dd-8164-d221b1be7e9b,1868,2,00:09:37.437,54,37,Substitution,89,Turkey,From Keeper,Czech Republic,Adam Hložek,Right Center Midfield,0.0,3930184,Tactical,Tomáš Chorý,909,912,28239,103,21226,
4362386a-3950-42af-88d6-1d0e076b7336,1869,2,00:09:48.739,54,48,Substitution,89,Turkey,From Keeper,Czech Republic,Mojmír Chytil,Center Forward,0.0,3930184,Tactical,Jan Kuchta,909,912,32985,103,29484,
7f312262-a465-4575-a623-1a12e12653df,2021,2,00:17:38.090,62,38,Substitution,102,Czech Republic,Regular Play,Turkey,İsmail Yüksek,Left Defensive Midfield,0.0,3930184,Tactical,Okay Yokuşlu,912,909,78241,103,12555,
a5d6525d-9599-4a60-9af1-8f98ffe56cb4,2254,2,00:29:27.673,74,27,Substitution,118,Czech Republic,Regular Play,Czech Republic,Lukáš Provod,Left Center Midfield,0.0,3930184,Tactical,Ondřej Lingr,912,912,28034,103,27826,
51233b61-e40f-48b9-87f1-cdca4d61af3d,2255,2,00:30:17.010,75,17,Substitution,118,Czech Republic,Regular Play,Turkey,Arda Güler,Center Forward,0.0,3930184,Tactical,Cenk Tosun,912,909,116587,103,3648,
31b856d0-2b18-4de0-827c-60dbb9087569,2257,2,00:30:28.374,75,28,Substitution,119,Czech Republic,From Throw In,Turkey,Kenan Yildiz,Left Wing,0.0,3930184,Tactical,Muhammed Kerem Aktürkoğlu,912,909,151813,103,49689,
c54c8709-8ad1-4ae4-bb45-a7d2232dd616,2451,2,00:35:36.754,80,36,Substitution,128,Turkey,From Goal Kick,Czech Republic,David Jurásek,Left Wing Back,0.0,3930184,Tactical,Matěj Jurásek,909,912,134272,103,39143,
c710fb0a-d5e0-4992-883f-52884b42f7f5,2618,2,00:41:49.044,86,49,Substitution,135,Turkey,From Goal Kick,Turkey,Hakan Çalhanoğlu,Center Attacking Midfield,0.0,3930184,Tactical,Orkun Kökçü,909,909,7039,103,22212,
9c973835-f681-4982-becd-32223b8a8d8d,1884,2,00:00:00.000,45,0,Substitution,75,Austria,Regular Play,Austria,Romano Schmid,Right Wing,0.0,3941022,Tactical,Michael Gregoritsch,915,915,8784,103,8309,
4c455eb3-60ac-4d2e-a6cf-7e792acf976f,1885,2,00:00:00.000,45,0,Substitution,75,Austria,Regular Play,Austria,Philipp Mwene,Left Back,0.0,3941022,Tactical,Alexander Prass,915,915,13315,103,39545,
48a98e5f-7b96-4d2c-87ad-95d96e90fc98,2391,2,00:12:28.298,57,28,Substitution,102,Turkey,Regular Play,Turkey,İsmail Yüksek,Right Defensive Midfield,0.0,3941022,Tactical,Salih Özcan,909,909,78241,103,9085,
de0b4b13-7b92-4973-8734-6b7ff702bdb9,2557,2,00:18:58.536,63,58,Substitution,115,Turkey,Regular Play,Austria,Philipp Lienhart,Left Center Back,0.0,3941022,Tactical,Maximilian Wöber,909,915,8931,103,8068,
ecd6993f-e44c-469d-b6c7-8de5cf6f7fe5,2559,2,00:19:13.967,64,13,Substitution,116,Austria,From Throw In,Austria,Konrad Laimer,Left Defensive Midfield,0.0,3941022,Tactical,Florian Grillitsch,915,915,8506,103,11396,
7da8b11c-856b-4af1-9b74-a1c30a61bac3,3081,2,00:32:31.278,77,31,Substitution,143,Austria,From Throw In,Turkey,Arda Güler,Center Forward,0.0,3941022,Tactical,Okay Yokuşlu,915,909,116587,103,12555,
3c411667-a58e-4ff5-954e-dd1920d2c978,3082,2,00:32:32.685,77,32,Substitution,143,Austria,From Throw In,Turkey,Kenan Yildiz,Left Wing,0.0,3941022,Tactical,Muhammed Kerem Aktürkoğlu,915,909,151813,103,49689,
65851aac-c046-46c1-ad2c-10d9bea4c900,3232,2,00:37:20.270,82,20,Substitution,148,Austria,From Free Kick,Turkey,Orkun Kökçü,Left Center Midfield,0.0,3941022,Injury,İrfan Can Kahveci,915,909,22212,102,30311,
202c06ac-786c-4033-8ecc-52b1af0e1191,1154,1,00:37:49.391,37,49,Substitution,57,Netherlands,Regular Play,Romania,Vasile Mogoș,Left Back,0.0,3941021,Injury,Bogdan Racovițan,941,905,30839,102,45023,
47845b2f-889c-425e-b2d1-2d3a0ea8a1bb,1539,2,00:00:00.000,45,0,Substitution,75,Romania,From Corner,Netherlands,Steven Bergwijn,Right Wing,0.0,3941021,Tactical,Donyell Malen,905,941,8259,103,15582,
5947f237-8552-4db5-8c06-6b6db0fdb590,2253,2,00:23:13.944,68,13,Substitution,113,Netherlands,From Free Kick,Netherlands,Jerdy Schouten,Right Defensive Midfield,0.0,3941021,Tactical,Joey Veerman,941,941,15503,103,21633,
eae3e975-5c60-4666-92dc-d1786faa75f9,2254,2,00:23:15.515,68,15,Substitution,113,Netherlands,From Free Kick,Netherlands,Nathan Aké,Left Back,0.0,3941021,Tactical,Micky van de Ven,941,941,3306,103,32547,
1d91dec8-4579-4cb7-9cd0-097f459fd408,2326,2,00:25:58.871,70,58,Substitution,118,Romania,From Throw In,Romania,Ianis Hagi,Left Midfield,0.0,3941021,Tactical,Denis Alibec,905,905,28565,103,10915,
69c4d40b-6575-49b0-87a7-bfcb49f42095,2327,2,00:26:09.980,71,9,Substitution,118,Romania,From Throw In,Romania,Denis Mihai Drăguş,Center Forward,0.0,3941021,Tactical,Valentin Mihai Mihăilă,905,905,31193,103,72512,
e90f44a5-9b85-45b0-b3da-2711643124aa,2328,2,00:26:15.792,71,15,Substitution,118,Romania,From Throw In,Romania,Marius Mihai Marin,Center Defensive Midfield,0.0,3941021,Tactical,Alexandru Cicâldău,905,905,30913,103,45125,
8f092607-afdc-4ed2-a192-7ef749d12708,2706,2,00:38:33.148,83,33,Substitution,136,Netherlands,From Throw In,Netherlands,Cody Mathès Gakpo,Left Wing,0.0,3941021,Tactical,Wout Weghorst,941,941,20750,103,7829,
689fb023-7047-4755-b760-d8ddbca4e75d,2877,2,00:42:41.561,87,41,Substitution,144,Romania,Regular Play,Romania,Nicolae Claudiu Stanciu,Right Center Midfield,0.0,3941021,Tactical,Darius Dumitru Olaru,905,905,10916,103,101821,
08a90004-07d0-4859-a669-f00f337edbfc,2970,2,00:46:02.765,91,2,Substitution,153,Romania,Regular Play,Netherlands,Memphis Depay,Left Wing,0.0,3941021,Tactical,Daley Blind,905,941,2988,103,3311,
7840f57f-29b6-434f-9ee6-8c2c1501b4c5,2336,2,00:19:39.725,64,39,Substitution,112,Portugal,From Throw In,Portugal,Vitor Machado Ferreira,Right Defensive Midfield,0.0,3941020,Tactical,Diogo José Teixeira da Silva,780,780,34639,103,9929,
f634999c-ba25-4102-922f-8e94a0086516,2634,2,00:28:32.124,73,32,Substitution,128,Portugal,Regular Play,Slovenia,Jan Mlakar,Left Midfield,0.0,3941020,Tactical,Jon Gorenc Stankovič,780,944,31089,103,11416,
5b4bc21e-973c-4044-8886-a0e7cad985ab,2635,2,00:29:14.704,74,14,Substitution,128,Portugal,Regular Play,Slovenia,Andraž Šporar,Right Center Forward,0.0,3941020,Tactical,Žan Celar,780,944,31866,103,24109,
c9fdb506-7bd1-475c-9650-7a70775585fc,2688,2,00:30:37.140,75,37,Substitution,130,Portugal,Regular Play,Portugal,Rafael Alexandre Conceição Leão,Left Wing,0.0,3941020,Tactical,Francisco Fernandes Conceição,780,780,18360,103,39624,
b9b80c49-a6ab-45ac-8ce8-4b48f8d508cb,3004,2,00:41:10.904,86,10,Substitution,143,Portugal,From Free Kick,Slovenia,Petar Stojanović,Right Midfield,0.0,3941020,Tactical,Benjamin Verbič,780,944,16528,103,16510,
0c1c26c5-08b0-4346-88a6-c5fde3b42914,3704,4,00:00:00.000,105,0,Substitution,187,Portugal,From Corner,Slovenia,Timi Elšnik,Right Midfield,0.0,3941020,Tactical,Josip Iličić,780,944,15896,103,7139,
94bf32bb-97e1-490d-b9fc-e3009fb7c4df,4063,4,00:11:45.889,116,45,Substitution,206,Portugal,Regular Play,Portugal,Kléper Laveran Lima Ferreira,Left Center Back,0.0,3941020,Tactical,Rúben Diogo Da Silva Neves,780,780,20016,103,9927,
397c1a31-c633-4887-91f1-7d070365d528,4064,4,00:11:53.436,116,53,Substitution,206,Portugal,Regular Play,Portugal,João Pedro Cavaco Cancelo,Right Back,0.0,3941020,Tactical,Nélson Cabral Semedo,780,780,7005,103,6374,
054ec893-61a2-4388-9472-50490883db1d,2687,2,00:16:21.738,61,21,Substitution,87,Belgium,From Corner,France,Marcus Thuram,Center Forward,0.0,3941019,Tactical,Randal Kolo Muani,782,771,2972,103,22097,
4f77037f-d8f2-495b-b2c0-145e020c4c27,2734,2,00:17:34.986,62,34,Substitution,90,France,Regular Play,Belgium,Ikoma Loïs Openda,Left Center Forward,0.0,3941019,Tactical,Orel Mangala,771,782,16275,103,8950,
251e650c-21d5-4f18-972f-2dab0b17dd46,3754,2,00:42:29.947,87,29,Substitution,125,Belgium,Regular Play,Belgium,Yannick Ferreira Carrasco,Right Midfield,0.0,3941019,Tactical,Dodi Lukebakio,782,782,5633,103,12306,
166ce2da-ac9c-48c4-9c08-1308bab8e0c2,3755,2,00:42:32.637,87,32,Substitution,125,Belgium,Regular Play,Belgium,Timothy Castagne,Right Back,0.0,3941019,Tactical,Charles De Ketelaere,782,782,6989,103,32688,
2a719bb8-b764-4d29-98cb-e65c385bceed,1705,1,00:40:35.060,40,35,Substitution,64,Spain,Regular Play,Georgia,Otar Kiteishvili,Center Defensive Midfield,0.0,3941018,Injury,Sandro Altunashvili,772,2138,11335,102,135844,
0b8a92b2-cb6b-4a85-b697-7998161b48dd,2216,2,00:06:50.229,51,50,Substitution,85,Spain,From Free Kick,Spain,Pedro González López,Right Center Midfield,0.0,3941018,Tactical,Daniel Olmo Carvajal,772,772,30486,103,16532,True
f7b82fbe-d2c7-40e8-8484-d8816fab5e7a,2786,2,00:17:49.992,62,49,Substitution,99,Spain,Regular Play,Georgia,Luka Lochoshvili,Left Wing Back,0.0,3941018,Tactical,Heorhii Tsitaishvili,772,2138,48178,103,22242,
706a8fc0-2c14-4855-9df8-b1d423ca2b55,2787,2,00:17:59.214,62,59,Substitution,99,Spain,Regular Play,Georgia,Giorgi Chakvetadze,Left Center Midfield,0.0,3941018,Tactical,Zuriko Davitashvili,772,2138,23646,103,44183,
f820d008-3405-443b-9d1d-8f32a1f74e6c,2867,2,00:20:47.479,65,47,Substitution,103,Spain,From Corner,Spain,Marc Cucurella Saseta,Left Back,0.0,3941018,Tactical,Alejandro Grimaldo García,772,772,17620,103,10336,
798579fd-3bc6-4b08-9d0e-0c4939989e6c,2868,2,00:21:15.443,66,15,Substitution,103,Spain,From Corner,Spain,Álvaro Borja Morata Martín,Center Forward,0.0,3941018,Tactical,Mikel Oyarzabal Ugarte,772,772,3477,103,6685,
2a8f69e7-1be0-4d8c-aafc-99a318ab25a2,3361,2,00:33:17.431,78,17,Substitution,121,Georgia,From Throw In,Georgia,Giorgi Gvelesiani,Right Center Back,0.0,3941018,Tactical,Nika Kvekveskiri,2138,2138,398886,103,46802,
f12d1174-7435-479a-b7f3-dd8c24fe382f,3362,2,00:33:33.728,78,33,Substitution,121,Georgia,From Throw In,Georgia,Georges Mikautadze,Right Center Forward,0.0,3941018,Tactical,Budu Zivzivadze,2138,2138,33234,103,102372,
bf993071-1ed8-4da6-949a-6d1a88f74651,3431,2,00:35:24.556,80,24,Substitution,123,Spain,From Keeper,Spain,Daniel Carvajal Ramos,Right Back,0.0,3941018,Tactical,Jesús Navas González,772,772,5721,103,6821,
11af32d3-2923-4508-94a9-0a08ad6238e7,3432,2,00:35:46.569,80,46,Substitution,123,Spain,From Keeper,Spain,Fabián Ruiz Peña,Left Defensive Midfield,0.0,3941018,Tactical,Mikel Merino Zazón,772,772,6655,103,3042,
89173f01-feb7-484d-b321-f132fbea5d78,2446,2,00:15:28.986,60,28,Substitution,88,England,From Free Kick,Slovakia,Lukáš Haraslín,Left Wing,0.0,3941017,Tactical,Tomáš Suslov,768,908,7975,103,35653,
099fcadc-8e1b-4e60-a519-2a1832c01b0f,2447,2,00:15:35.796,60,35,Substitution,88,England,From Free Kick,Slovakia,David Strelec,Center Forward,0.0,3941017,Tactical,Róbert Boženík,768,908,43976,103,34904,
3af5136c-ef69-41b0-8cd2-a8d6490566f1,2545,2,00:20:06.686,65,6,Substitution,94,England,Regular Play,England,Kieran Trippier,Left Back,0.0,3941017,Injury,Cole Palmer,768,768,3308,102,39461,
3ec82ce6-0d22-4133-9cca-72f101032284,3141,2,00:35:56.414,80,56,Substitution,113,England,Regular Play,Slovakia,Juraj Kucka,Right Center Midfield,0.0,3941017,Tactical,Matúš Bero,768,908,10919,103,15546,
12632d8b-83b3-4c13-ab96-3be2410251bc,3142,2,00:36:00.366,81,0,Substitution,113,England,Regular Play,Slovakia,Ondrej Duda,Left Center Midfield,0.0,3941017,Tactical,László Bénes,768,908,8967,103,11383,
5f16bc12-6c1e-4c1a-8ea3-62d1c2229a69,3218,2,00:38:09.496,83,9,Substitution,120,England,Regular Play,England,Kobbie Mainoo,Right Defensive Midfield,0.0,3941017,Tactical,Eberechi Eze,768,768,99174,103,9000,
96c22f1d-05f5-426b-b62c-911e6d7831b4,3539,2,00:47:16.947,92,16,Substitution,138,England,Regular Play,Slovakia,Ivan Schranz,Right Wing,0.0,3941017,Injury,Norbert Gyömbér,768,908,28032,102,20043,
65dbde67-b690-4903-bc86-b73217c06a6a,3573,2,00:48:51.129,93,51,Substitution,140,England,Regular Play,England,Phil Foden,Right Defensive Midfield,0.0,3941017,Tactical,Ivan Toney,768,768,4354,103,3834,
699c2084-6dcb-44d4-8dd9-aa9488bc0abc,4262,4,00:00:00.000,105,0,Substitution,168,Slovakia,Regular Play,England,Harry Kane,Right Center Forward,0.0,3941017,Tactical,Conor Gallagher,908,768,10955,103,29399,
0cb0684e-27f1-47b7-82f7-cee7bae78f9c,4263,4,00:00:00.000,105,0,Substitution,168,Slovakia,Regular Play,England,Jude Bellingham,Left Center Midfield,0.0,3941017,Tactical,Ezri Konsa Ngoyo,908,768,30714,103,3822,
8749193e-2319-4acd-bcd9-19c4701a9476,4387,4,00:03:24.693,108,24,Substitution,174,England,Regular Play,Slovakia,Peter Pekarík,Right Wing Back,0.0,3941017,Tactical,Ľubomír Tupta,768,908,9722,103,8422,
899118f1-db16-447e-89dd-f8daf6d3cc93,2062,2,00:00:00.000,45,0,Substitution,77,Denmark,From Throw In,Serbia,Nemanja Gudelj,Left Defensive Midfield,0.0,3930182,Tactical,Luka Jović,776,786,16489,103,6319,
eb08f00d-72f4-4f2c-901c-1869ddb6edb2,2063,2,00:00:00.000,45,0,Substitution,77,Denmark,From Throw In,Denmark,Jonas Older Wind,Right Attacking Midfield,0.0,3930182,Tactical,Andreas Skov Olsen,776,776,21261,103,17042,
a96aa9f2-f311-49ec-ad28-1ef6800ad910,2064,2,00:00:00.000,45,0,Substitution,77,Denmark,From Throw In,Serbia,Lazar Samardžić,Right Wing,0.0,3930182,Tactical,Dušan Tadić,776,786,40735,103,3831,
b59ccef0-f892-470f-a176-bd6c4484a929,2489,2,00:13:03.344,58,3,Substitution,103,Denmark,Regular Play,Denmark,Rasmus Winther Højlund,Center Forward,0.0,3930182,Tactical,Kasper Dolberg,776,776,51672,103,6302,
6c4f9f80-44a9-4b30-bb92-71e77cf33b20,2886,2,00:21:59.775,66,59,Substitution,117,Denmark,Regular Play,Serbia,Ivan Ilić,Right Defensive Midfield,0.0,3930182,Tactical,Dušan Vlahović,776,786,30179,103,18015,
d9afe3ff-e33a-4809-89bc-ca37071ea648,3132,2,00:28:00.430,73,0,Substitution,126,Denmark,Regular Play,Serbia,Srđan Mijailović,Right Wing Back,0.0,3930182,Tactical,Filip Mladenović,776,786,52089,103,7993,
0e0fc846-3a46-42b2-a6c2-788b2abd6ad8,3286,2,00:31:13.068,76,13,Substitution,132,Denmark,Regular Play,Denmark,Morten Hjulmand,Left Defensive Midfield,0.0,3930182,Tactical,Thomas Delaney,776,776,8621,103,5527,
dfdeaf12-9c3a-4943-a8f9-d240f75d5de3,3287,2,00:31:14.268,76,14,Substitution,132,Denmark,Regular Play,Denmark,Alexander Hartmann Bah,Right Wing Back,0.0,3930182,Tactical,Victor Bernth Kristansen,776,776,24547,103,60343,
590d0bfe-9a49-41ad-a544-37d1872d215d,3539,2,00:41:35.068,86,35,Substitution,145,Denmark,Regular Play,Serbia,Saša Lukić,Center Defensive Midfield,0.0,3930182,Tactical,Sergej Milinković-Savić,776,786,6687,103,5589,
95db65ff-56ba-48ee-82f6-b16909908560,3543,2,00:42:17.383,87,17,Substitution,146,Denmark,From Corner,Denmark,Christian Dannemann Eriksen,Left Attacking Midfield,0.0,3930182,Tactical,Yussuf Yurary Poulsen,776,776,3043,103,5536,
d018f8dd-de2a-43e6-baee-f11ead07c77d,1787,2,00:00:00.000,45,0,Substitution,74,Albania,From Goal Kick,Spain,Aymeric Laporte,Left Center Back,0.0,3930179,Tactical,Robin Aime Robert Le Normand,906,772,4353,103,22128,
4e7e862a-dad9-4790-ab5b-4c22f8f4fb6f,2503,2,00:13:04.845,58,4,Substitution,93,Spain,Regular Play,Albania,Rey Manaj,Center Forward,0.0,3930179,Tactical,Armando Broja,772,906,23987,103,36885,
0f2574ed-4f77-4d82-a45a-c1be4483f8c9,2653,2,00:16:13.725,61,13,Substitution,96,Spain,Regular Play,Spain,Mikel Oyarzabal Ugarte,Left Wing,0.0,3930179,Tactical,Fermin Lopez Marin,772,772,6685,103,143864,
e89c7d22-3b56-4091-ae12-5e1f75f561ba,2906,2,00:24:43.609,69,43,Substitution,111,Spain,From Keeper,Albania,Qazim Laçi,Center Attacking Midfield,0.0,3930179,Tactical,Medon Berisha,772,906,7531,103,142800,
c3cc6086-255c-457b-ba46-e3ab756915c1,2907,2,00:24:51.464,69,51,Substitution,111,Spain,From Keeper,Albania,Nedim Bajrami,Left Wing,0.0,3930179,Tactical,Arbër Hoxha,772,906,32030,103,133698,
74e2679d-24e5-4519-a186-3f2c2f6c1368,2928,2,00:25:41.942,70,41,Substitution,112,Spain,From Corner,Spain,Ferrán Torres García,Right Wing,0.0,3930179,Tactical,Lamine Yamal Nasraoui Ebana,772,772,6748,103,316046,
95bdb6d1-1377-478a-8d08-f4047e424cd1,2929,2,00:25:48.547,70,48,Substitution,112,Spain,From Corner,Spain,José Luis Sanmartín Mato,Center Forward,0.0,3930179,Tactical,Álvaro Borja Morata Martín,772,772,3265,103,3477,
ba67316c-a35a-4f8c-b732-a9db7febb244,3367,2,00:35:57.895,80,57,Substitution,135,Albania,Regular Play,Albania,Jasir Asani,Right Wing,0.0,3930179,Tactical,Ernest Muçi,906,906,41186,103,92611,
23fbd8a9-b170-45f0-9183-3d0b5d49da43,3445,2,00:38:39.994,83,39,Substitution,139,Albania,Regular Play,Spain,Daniel Olmo Carvajal,Left Wing,0.0,3930179,Tactical,Alejandro Baena Rodríguez,906,772,16532,103,41115,
fda90404-5d25-4e17-92ef-aed9441f4b40,2414,2,00:18:59.015,63,59,Substitution,111,Germany,From Throw In,Germany,Robert Andrich,Right Defensive Midfield,0.0,3940983,Tactical,Emre Can,770,770,9195,103,3493,
3ba5d131-9805-425b-b250-27a098dbd84b,2417,2,00:19:06.532,64,6,Substitution,112,Denmark,From Free Kick,Germany,İlkay Gündoğan,Center Attacking Midfield,0.0,3940983,Tactical,Niclas Füllkrug,776,770,10287,103,8546,
e0dae5fc-70f7-4245-bfc1-4b28317da003,2636,2,00:23:46.811,68,46,Substitution,117,Germany,Regular Play,Denmark,Thomas Delaney,Left Defensive Midfield,0.0,3940983,Tactical,Christian Nørgaard,770,776,5527,103,7097,True
2cf771dc-4b28-4f21-8b36-556444a93dd2,2637,2,00:23:49.614,68,49,Substitution,117,Germany,Regular Play,Denmark,Andreas Skov Olsen,Right Attacking Midfield,0.0,3940983,Tactical,Yussuf Yurary Poulsen,770,776,17042,103,5536,True
d3fb4659-6412-4174-8af7-045ec50ca316,3057,2,00:35:06.374,80,6,Substitution,135,Denmark,Regular Play,Germany,Jamal Musiala,Left Wing,0.0,3940983,Tactical,Florian Wirtz,776,770,39565,103,40724,
07496ff3-edc3-41b7-a0ba-4862a67c8bfc,3058,2,00:35:09.660,80,9,Substitution,135,Denmark,Regular Play,Germany,David Raum,Left Back,0.0,3940983,Tactical,Benjamin Henrichs,776,770,12034,103,8211,
d53ca1c1-3dc2-4d62-bd89-224b91587ea9,3059,2,00:35:25.050,80,25,Substitution,135,Denmark,Regular Play,Denmark,Rasmus Winther Højlund,Center Forward,0.0,3940983,Tactical,Jonas Older Wind,776,776,51672,103,21261,
edff6811-534e-41db-814c-490b150aa1fa,3061,2,00:35:49.398,80,49,Substitution,136,Germany,From Goal Kick,Denmark,Andreas Christensen,Left Center Back,0.0,3940983,Tactical,Jacob Bruun Larsen,770,776,3959,103,8961,
0f5f627f-ef4c-4ac9-92d5-d2d66e0f0dd9,3062,2,00:35:50.112,80,50,Substitution,136,Germany,From Goal Kick,Denmark,Alexander Hartmann Bah,Right Wing Back,0.0,3940983,Tactical,Victor Bernth Kristansen,770,776,24547,103,60343,
989ebc22-7307-44c9-a389-d070bf2f87f1,3363,2,00:42:05.405,87,5,Substitution,146,Denmark,Regular Play,Germany,Leroy Sané,Right Wing,0.0,3940983,Tactical,Waldemar Anton,776,770,3053,103,8538,
0c6612d2-5717-451a-bf4b-82b11a4b5c97,1855,2,00:00:00.000,45,0,Substitution,71,Italy,From Free Kick,Italy,Stephan El Shaarawy,Left Wing,0.0,3940878,Tactical,Mattia Zaccagni,914,914,6979,103,8792,
60b2af80-0ab6-4159-9d2e-731afa109052,2714,2,00:18:25.817,63,25,Substitution,101,Switzerland,Regular Play,Italy,Nicolò Barella,Center Attacking Midfield,0.0,3940878,Tactical,Mateo Retegui,773,914,8181,103,31093,
c45bd331-41e3-42c7-a442-7667a7c6516e,3011,2,00:25:49.795,70,49,Substitution,112,Switzerland,Regular Play,Switzerland,Fabian Rieder,Right Attacking Midfield,0.0,3940878,Tactical,Leonidas Stergiou,773,773,50436,103,29227,
0cfff665-c6af-4880-9817-bfda0b8c3749,3012,2,00:25:56.021,70,56,Substitution,112,Switzerland,Regular Play,Switzerland,Ruben Vargas,Left Attacking Midfield,0.0,3940878,Tactical,Steven Zuber,773,773,30401,103,5548,
887137eb-033c-482a-ab05-650b0097048e,3149,2,00:29:06.550,74,6,Substitution,118,Italy,Regular Play,Italy,Matteo Darmian,Left Back,0.0,3940878,Tactical,Andrea Cambiaso,914,914,4587,103,50729,
4e93cde3-dee0-48b6-8617-887e7515f87e,3150,2,00:29:08.223,74,8,Substitution,118,Italy,Regular Play,Italy,Bryan Cristante,Right Defensive Midfield,0.0,3940878,Tactical,Lorenzo Pellegrini,914,914,6993,103,6963,
358079b4-f28e-43a9-88ab-1410b4c84744,3251,2,00:31:26.637,76,26,Substitution,121,Italy,From Free Kick,Switzerland,Dan Ndoye,Right Attacking Midfield,0.0,3940878,Tactical,Vincent Sierro,914,773,45190,103,11457,
7abcae57-ba8a-40a9-b7cc-2114d4bd9b81,3252,2,00:31:45.921,76,45,Substitution,121,Italy,From Free Kick,Switzerland,Breel-Donald Embolo,Center Forward,0.0,3940878,Tactical,Kwadwo Duah,914,773,5545,103,49007,
fd598c38-ce93-4532-adb2-f11c962fd22d,3598,2,00:40:51.582,85,51,Substitution,136,Switzerland,From Goal Kick,Italy,Nicolò Fagioli,Left Defensive Midfield,0.0,3940878,Tactical,Davide Frattesi,773,914,38909,103,30926,
15cb5aa9-c649-46eb-9427-8b68eba29828,3817,2,00:46:20.753,91,20,Substitution,145,Italy,Regular Play,Switzerland,Michel Aebischer,Left Wing Back,0.0,3940878,Tactical,Renato Steffen,914,773,16016,103,12326,
3b6b02fa-99c6-4cec-90dd-679017e07ad9,2255,2,00:15:33.519,60,33,Substitution,99,Scotland,From Free Kick,Hungary,Callum Styles,Left Defensive Midfield,0.0,3930177,Tactical,Ádám Nagy,942,916,4286,103,7162,
735811e5-7584-4407-b5b0-74e233420200,2508,2,00:28:48.139,73,48,Substitution,112,Hungary,From Free Kick,Hungary,Barnabás Varga,Center Forward,0.0,3930177,Injury,Martin Ádám,916,916,12921,102,264277,
e87affaa-2965-44ab-bf4e-d9c2bbf14dfe,2509,2,00:28:49.212,73,49,Substitution,112,Hungary,From Free Kick,Hungary,Márton Dárdai,Left Center Back,0.0,3930177,Tactical,Attila Szalai,916,916,40920,103,46376,
5734f15c-8fe3-4b43-b6e4-62b0d64f22b7,2568,2,00:30:48.232,75,48,Substitution,116,Hungary,From Throw In,Scotland,John McGinn,Right Attacking Midfield,0.0,3930177,Tactical,Stuart Armstrong,916,942,9974,103,10285,
db0a33f5-d6dd-4e1d-8cb9-6ccc4e93ca53,2569,2,00:30:55.700,75,55,Substitution,116,Hungary,From Throw In,Scotland,Che Adams,Center Forward,0.0,3930177,Tactical,Lawrence Shankland,916,942,9466,103,38169,
a0326576-a669-45d2-be91-d8724a2b3b78,2861,2,00:37:44.546,82,44,Substitution,125,Scotland,Regular Play,Scotland,Billy Gilmour,Right Defensive Midfield,0.0,3930177,Tactical,Ryan Christie,942,942,31067,103,12510,
096dd2c8-05c8-4f46-988d-a5b0fee91917,2862,2,00:37:57.734,82,57,Substitution,125,Scotland,Regular Play,Scotland,Anthony Ralston,Right Wing Back,0.0,3930177,Tactical,Kenneth McLean,942,942,22308,103,9478,
47ffbc90-fbb7-441b-b188-02453f6c3a14,2953,2,00:40:38.439,85,38,Substitution,130,Hungary,Regular Play,Hungary,Milos Kerkez,Left Wing Back,0.0,3930177,Tactical,Zsolt Nagy,916,916,89635,103,73886,
25f4baf9-386d-4e75-bb66-791191278b3f,2954,2,00:40:39.262,85,39,Substitution,130,Hungary,Regular Play,Hungary,Bendegúz Bolla,Right Wing Back,0.0,3930177,Tactical,Kevin Csoboth,916,916,46789,103,389882,
fe600aaa-ecea-4045-8f3e-4a2b7e88406f,2999,2,00:43:13.422,88,13,Substitution,132,Hungary,Regular Play,Scotland,Andrew Robertson,Left Wing Back,0.0,3930177,Tactical,Lewis Morgan,916,942,3655,103,16931,
71777626-9da7-4830-abde-6c9a18aadcaa,2796,2,00:27:17.016,72,17,Substitution,96,Netherlands,From Goal Kick,Netherlands,Xavi Simons,Center Attacking Midfield,0.0,3930173,Tactical,Joey Veerman,941,941,39167,103,21633,True
2b30c725-954e-4113-9f64-4c976c35d675,2797,2,00:27:19.393,72,19,Substitution,96,Netherlands,From Goal Kick,Netherlands,Jeremie Frimpong,Right Wing,0.0,3930173,Tactical,Lutsharel Geertruida,941,941,32712,103,22352,True
e56f9098-8030-4cee-a21e-15132fe475bf,2798,2,00:27:21.802,72,21,Substitution,96,Netherlands,From Goal Kick,Netherlands,Jerdy Schouten,Right Defensive Midfield,0.0,3930173,Tactical,Georginio Wijnaldum,941,941,15503,103,3567,
6e17c410-2833-427a-b964-978916705bd0,2851,2,00:29:31.632,74,31,Substitution,98,France,From Free Kick,France,Ousmane Dembélé,Right Midfield,0.0,3930173,Tactical,Kingsley Coman,771,771,5477,103,8217,
ff81d5ea-1b5c-4d51-84e4-36814b11b369,2852,2,00:29:41.519,74,41,Substitution,98,France,From Free Kick,France,Marcus Thuram,Center Forward,0.0,3930173,Tactical,Olivier Giroud,771,771,2972,103,3604,
59bc8ec8-a264-4526-9401-64283ec96255,2962,2,00:33:17.149,78,17,Substitution,100,Netherlands,From Free Kick,Netherlands,Memphis Depay,Center Forward,0.0,3930173,Tactical,Wout Weghorst,941,941,2988,103,7829,
0fe2ff85-6acb-45af-a710-955634241df0,2004,2,00:00:00.000,45,0,Substitution,83,Italy,Regular Play,Italy,Davide Frattesi,Right Center Midfield,0.0,3930172,Tactical,Andrea Cambiaso,914,914,30926,103,50729,
3e471a6c-239a-47c7-9aaa-f795cdda035f,2005,2,00:00:00.175,45,0,Substitution,83,Italy,Regular Play,Italy,Jorge Luiz Frello Filho,Center Defensive Midfield,0.0,3930172,Tactical,Bryan Cristante,914,914,7024,103,6993,
d6865c32-42b3-4ec6-b490-6905551f7be1,2719,2,00:18:02.368,63,2,Substitution,111,Italy,From Throw In,Italy,Federico Chiesa,Left Wing,0.0,3930172,Tactical,Mattia Zaccagni,914,914,7156,103,8792,
f3a66367-73f5-46bb-9c28-58c08126fc44,2720,2,00:18:23.196,63,23,Substitution,111,Italy,From Throw In,Italy,Gianluca Scamacca,Center Forward,0.0,3930172,Tactical,Mateo Retegui,914,914,10992,103,31093,
5989faf6-89bc-4fc6-a782-60706cd8ff17,3080,2,00:25:49.081,70,49,Substitution,118,Spain,Regular Play,Spain,Pedro González López,Center Attacking Midfield,0.0,3930172,Tactical,Alejandro Baena Rodríguez,772,772,30486,103,41115,
71a8addc-fd78-4f78-ba04-ae395916fe5a,3081,2,00:25:49.420,70,49,Substitution,118,Spain,Regular Play,Spain,Lamine Yamal Nasraoui Ebana,Right Wing,0.0,3930172,Tactical,Ferrán Torres García,772,772,316046,103,6748,
c1122e30-3dbb-42be-aae8-ff59c4f8c007,3308,2,00:32:07.660,77,7,Substitution,125,Spain,Regular Play,Spain,Nicholas Williams Arthuer,Left Wing,0.0,3930172,Tactical,Ayoze Pérez Gutiérrez,772,772,68574,103,3076,
0f0773e7-e129-43ad-a434-77cbf5b6533c,3309,2,00:32:20.777,77,20,Substitution,125,Spain,Regular Play,Spain,Álvaro Borja Morata Martín,Center Forward,0.0,3930172,Tactical,Mikel Oyarzabal Ugarte,772,772,3477,103,6685,
33b52672-5b26-4bdd-8ae2-e0a2d3c47e81,3420,2,00:36:03.281,81,3,Substitution,130,Spain,From Corner,Italy,Lorenzo Pellegrini,Left Center Midfield,0.0,3930172,Tactical,Giacomo Raspadori,772,914,6963,103,25048,
2a2554c4-f4b9-46d2-8e35-4215a8630e65,3911,2,00:48:44.836,93,44,Substitution,151,Spain,Regular Play,Spain,Fabián Ruiz Peña,Left Defensive Midfield,0.0,3930172,Tactical,Mikel Merino Zazón,772,772,6655,103,3042,
2cc7be34-85fe-44e0-9f62-72de4659dbc3,1865,2,00:00:00.000,45,0,Substitution,72,Croatia,From Keeper,Croatia,Lovro Majer,Right Wing,0.0,3930167,Tactical,Luka Sučić,785,785,28914,103,39490,
06e8d2a0-e711-41db-b17c-19d3d6f04078,1866,2,00:00:00.000,45,0,Substitution,72,Croatia,From Keeper,Croatia,Marcelo Brozović,Center Defensive Midfield,0.0,3930167,Tactical,Mario Pašalić,785,785,5469,103,11603,
edb05ae2-4a45-4b24-8604-de1650992890,2559,2,00:18:08.849,63,8,Substitution,108,Croatia,From Keeper,Albania,Jasir Asani,Right Midfield,0.0,3930167,Tactical,Taulant Sulejmanov,785,906,41186,103,29531,
257762cb-2f2c-44bb-a8ac-e1784a1d28e8,2738,2,00:23:18.222,68,18,Substitution,118,Croatia,Regular Play,Croatia,Bruno Petković,Center Forward,0.0,3930167,Tactical,Ante Budimir,785,785,7693,103,8654,
dfd866cb-5f5d-4536-84cd-ac37db3456ea,2875,2,00:26:31.493,71,31,Substitution,123,Croatia,Regular Play,Albania,Qazim Laçi,Right Center Midfield,0.0,3930167,Tactical,Klaus Gjasula,785,906,7531,103,9893,
4f9e432b-86c5-40be-a116-3ea483d54eb3,3339,2,00:38:10.802,83,10,Substitution,144,Albania,Regular Play,Croatia,Ivan Perišić,Left Back,0.0,3930167,Tactical,Borna Sosa,906,785,5474,103,12625,
0bd43c88-d46f-4e91-856e-f80de9fb4115,3340,2,00:38:38.327,83,38,Substitution,144,Albania,Regular Play,Croatia,Andrej Kramarić,Left Wing,0.0,3930167,Tactical,Martin Baturina,906,785,5460,103,63505,
4413cfd6-56f0-4cb4-8b4f-058d1fe331f1,3341,2,00:39:08.468,84,8,Substitution,144,Albania,Regular Play,Albania,Rey Manaj,Center Forward,0.0,3930167,Tactical,Mirlind Daku,906,906,23987,103,54140,
6b3ff3f1-e44d-4b6d-aa06-5de65a3317ad,3342,2,00:39:11.002,84,11,Substitution,144,Albania,Regular Play,Albania,Ylber Ramadani,Center Defensive Midfield,0.0,3930167,Tactical,Arbër Hoxha,906,906,24438,103,133698,
e956c56f-d846-4861-9969-2e8e247bb1ed,2511,2,00:12:29.779,57,29,Substitution,93,Hungary,Regular Play,Germany,Florian Wirtz,Right Wing,0.0,3930168,Tactical,Leroy Sané,916,770,40724,103,3053,
61dac666-5990-4b8f-b952-9beec6596124,2512,2,00:12:32.412,57,32,Substitution,93,Hungary,Regular Play,Germany,Kai Havertz,Center Forward,0.0,3930168,Tactical,Niclas Füllkrug,916,770,8966,103,8546,
26afc61c-dc10-4b41-96be-d7d431446089,2726,2,00:18:23.158,63,23,Substitution,102,Hungary,From Free Kick,Hungary,Ádám Nagy,Right Defensive Midfield,0.0,3930168,Tactical,László Kleinheisler,916,916,7162,103,16502,
98af7daf-8a81-4a9f-a8ee-1ccc3c575342,2980,2,00:25:39.668,70,39,Substitution,113,Germany,From Throw In,Germany,Robert Andrich,Right Defensive Midfield,0.0,3930168,Tactical,Emre Can,770,770,9195,103,3493,
a44e16dc-9769-4ce3-a58f-c5dfc99516a7,2981,2,00:26:14.762,71,14,Substitution,113,Germany,From Throw In,Germany,Jamal Musiala,Left Wing,0.0,3930168,Tactical,Chris Führich,770,770,39565,103,23614,
3da0e889-6fe0-4db6-9760-33e13ba818f7,3175,2,00:29:47.943,74,47,Substitution,118,Germany,Regular Play,Hungary,Bendegúz Bolla,Right Wing Back,0.0,3930168,Tactical,Martin Ádám,770,916,46789,103,264277,
6eb12c6f-9cc4-4412-a390-e541d7702513,3176,2,00:29:51.239,74,51,Substitution,118,Germany,Regular Play,Hungary,Milos Kerkez,Left Wing Back,0.0,3930168,Tactical,Zsolt Nagy,770,916,89635,103,73886,
2aa44dbb-e1ec-4629-b90b-7cdd5e55cb74,3502,2,00:38:09.941,83,9,Substitution,133,Germany,Regular Play,Germany,İlkay Gündoğan,Center Attacking Midfield,0.0,3930168,Tactical,Deniz Undav,770,770,10287,103,131243,
78350375-4b51-4811-8608-aa7343c51c95,3634,2,00:41:25.929,86,25,Substitution,136,Germany,From Throw In,Hungary,Barnabás Varga,Left Center Forward,0.0,3930168,Tactical,Dániel Gazdag,770,916,12921,103,50329,
f9be7afb-0065-4198-91d0-11fafb553e7a,3636,2,00:41:49.795,86,49,Substitution,137,Hungary,From Goal Kick,Hungary,Roland Sallai,Right Wing Back,0.0,3930168,Tactical,Kevin Csoboth,916,916,19316,103,389882,
31e6f138-5333-4f2b-b525-7274bfa9bbf4,2309,2,00:13:39.921,58,39,Substitution,111,France,Regular Play,Austria,Maximilian Wöber,Left Center Back,0.0,3930165,Tactical,Gernot Trauner,771,915,8068,103,8778,
e3c4134d-9318-429f-a967-0371d74969b3,2310,2,00:13:49.149,58,49,Substitution,111,France,Regular Play,Austria,Michael Gregoritsch,Center Forward,0.0,3930165,Tactical,Marko Arnautović,771,915,8309,103,3325,
5f543d50-b16b-4f62-b31c-614edc078055,2312,2,00:14:21.504,59,21,Substitution,112,France,From Throw In,Austria,Florian Grillitsch,Left Defensive Midfield,0.0,3930165,Tactical,Patrick Wimmer,771,915,11396,103,33297,
b1e780c6-4a5b-4df9-abec-b0ec99f7b112,2809,2,00:25:01.059,70,1,Substitution,125,France,Regular Play,France,Ousmane Dembélé,Right Wing,0.0,3930165,Tactical,Randal Kolo Muani,771,771,5477,103,22097,
ca673959-f3ca-4768-a434-baca3f618364,2810,2,00:25:27.139,70,27,Substitution,125,France,Regular Play,France,Adrien Rabiot,Left Defensive Midfield,0.0,3930165,Tactical,Eduardo Camavinga,771,771,3026,103,24778,
41ca972a-ea55-40c5-91fc-189289bf5424,3285,2,00:42:56.955,87,56,Substitution,151,Austria,Regular Play,Austria,Philipp Mwene,Left Back,0.0,3930165,Tactical,Alexander Prass,915,915,13315,103,39545,
d181c6d0-375a-44be-82ef-fe97a5233826,3330,2,00:44:53.221,89,53,Substitution,153,Austria,From Throw In,France,Kylian Mbappé Lottin,Center Forward,0.0,3930165,Injury,Olivier Giroud,915,771,3009,102,3604,
573f3a44-df35-4fc2-8124-cc0669e6685c,3331,2,00:45:04.342,90,4,Substitution,153,Austria,From Throw In,France,Antoine Griezmann,Center Attacking Midfield,0.0,3930165,Tactical,Youssouf Fofana,915,771,5487,103,11990,
ff69ad93-f831-40b8-8239-8e519c544278,3365,2,00:45:57.117,90,57,Substitution,156,Austria,Regular Play,Austria,Konrad Laimer,Right Defensive Midfield,0.0,3930165,Tactical,Romano Schmid,915,915,8506,103,8784,
8507fe8b-f025-4df0-b0fc-90ad1771638a,2217,2,00:11:15.999,56,15,Substitution,104,Belgium,From Corner,Belgium,Orel Mangala,Left Defensive Midfield,0.0,3930164,Tactical,Johan Bakayoko,782,782,8950,103,52218,
01091246-991d-4187-b7bc-5bcc7040af6e,2650,2,00:24:11.816,69,11,Substitution,127,Slovakia,Regular Play,Slovakia,Róbert Boženík,Center Forward,0.0,3930164,Tactical,David Strelec,908,908,34904,103,43976,
e2632abd-58fe-4f10-9f76-8385d3a61a95,2651,2,00:24:21.407,69,21,Substitution,127,Slovakia,Regular Play,Slovakia,Lukáš Haraslín,Left Wing,0.0,3930164,Tactical,Tomáš Suslov,908,908,7975,103,35653,
2199f22d-6080-4b0d-991b-0d1ef9304c2a,2914,2,00:28:52.401,73,52,Substitution,136,Slovakia,Regular Play,Belgium,Leandro Trossard,Center Attacking Midfield,0.0,3930164,Tactical,Youri Tielemans,908,782,16559,103,2954,
449bd269-0424-4dfb-b306-252e1f484341,3124,2,00:35:21.953,80,21,Substitution,146,Belgium,From Corner,Slovakia,Ivan Schranz,Right Wing,0.0,3930164,Tactical,Dávid Ďuriš,782,908,28032,103,44167,True
afccb43a-607b-446f-93f9-43ad200ec638,3228,2,00:38:04.647,83,4,Substitution,153,Belgium,Regular Play,Belgium,Jeremy Doku,Left Wing,0.0,3930164,Tactical,Ikoma Loïs Openda,782,782,23650,103,16275,
a6008db4-c3fa-4449-baa4-dad798d9267e,3229,2,00:38:06.477,83,6,Substitution,153,Belgium,Regular Play,Belgium,Yannick Ferreira Carrasco,Left Back,0.0,3930164,Tactical,Dodi Lukebakio,782,782,5633,103,12306,
77fefe04-9a4d-4ec7-8212-6421b2f666a0,3410,2,00:48:48.545,93,48,Substitution,165,Belgium,Regular Play,Slovakia,Ondrej Duda,Left Center Midfield,0.0,3930164,Injury,Adam Obert,782,908,8967,102,85063,
aa27adbd-8229-4bab-876f-506f49be03d3,2942,2,00:22:37.354,67,37,Substitution,94,Albania,From Throw In,Albania,Jasir Asani,Right Wing,0.0,3930161,Tactical,Arbër Hoxha,906,906,41186,103,133698,
2a276136-7b80-4d2d-b846-32d974486025,2943,2,00:22:53.630,67,53,Substitution,94,Albania,From Throw In,Albania,Taulant Sulejmanov,Left Wing,0.0,3930161,Tactical,Qazim Laçi,906,906,29531,103,7531,
912a9d87-6de1-43bb-b0b3-2dd42fb0c937,3226,2,00:30:29.057,75,29,Substitution,106,Albania,From Keeper,Albania,Armando Broja,Center Forward,0.0,3930161,Tactical,Rey Manaj,906,906,36885,103,23987,
c8d2047e-36b7-45fb-8f43-bd1df3f11912,3227,2,00:31:28.343,76,28,Substitution,106,Albania,From Keeper,Italy,Federico Chiesa,Right Wing,0.0,3930161,Tactical,Andrea Cambiaso,906,914,7156,103,50729,
c797cb83-e75c-4d4d-958c-1fe46c416534,3228,2,00:31:36.887,76,36,Substitution,106,Albania,From Keeper,Italy,Lorenzo Pellegrini,Left Wing,0.0,3930161,Tactical,Bryan Cristante,906,914,6963,103,6993,
ca4d35b1-42d6-488d-b85f-32d372a21ab1,3535,2,00:36:53.250,81,53,Substitution,114,Italy,Regular Play,Italy,Gianluca Scamacca,Center Forward,0.0,3930161,Tactical,Mateo Retegui,914,914,10992,103,31093,
7813d862-fb0a-4459-9d0b-7e8be3c67a09,3536,2,00:37:09.519,82,9,Substitution,114,Italy,Regular Play,Italy,Federico Dimarco,Left Back,0.0,3930161,Tactical,Matteo Darmian,914,914,12255,103,4587,
a09211aa-70cc-4f3c-84ed-692be9385781,3722,2,00:41:01.210,86,1,Substitution,117,Albania,Regular Play,Albania,Nedim Bajrami,Center Attacking Midfield,0.0,3930161,Tactical,Ernest Muçi,906,906,32030,103,92611,
4e1fc0d5-1260-4817-882a-19950a1ddc7c,3923,2,00:46:31.260,91,31,Substitution,125,Italy,Regular Play,Italy,Nicolò Barella,Left Wing,0.0,3930161,Tactical,Michael Ijemuan Folorunsho,914,914,8181,103,49445,
45c630cd-c9ef-4a26-a79b-ad089ab763e7,1761,2,00:00:00.000,45,0,Substitution,68,Netherlands,Regular Play,Poland,Sebastian Szymański,Right Center Midfield,0.0,3938637,Tactical,Jakub Moder,941,789,4664,103,29480,
ba365a2b-0b9c-4e6a-ac19-942223d2c2c8,2128,2,00:09:13.783,54,13,Substitution,86,Netherlands,Regular Play,Poland,Kacper Urbanski,Left Center Forward,0.0,3938637,Tactical,Karol Świderski,941,789,33680,103,8836,
f4231163-0c87-4f58-8416-147e1f09749b,2129,2,00:09:37.242,54,37,Substitution,86,Netherlands,Regular Play,Poland,Taras Wiktorowicz Romanczuk,Center Defensive Midfield,0.0,3938637,Tactical,Bartosz Slisz,941,789,7982,103,15859,
7b40530f-1b77-43fd-a813-76545593509b,2393,2,00:16:28.237,61,28,Substitution,97,Poland,Regular Play,Netherlands,Joey Veerman,Left Defensive Midfield,0.0,3938637,Tactical,Georginio Wijnaldum,789,941,21633,103,3567,
2b5d3bdc-ecb6-4121-85a6-ea9a534858ac,2394,2,00:16:43.472,61,43,Substitution,97,Poland,Regular Play,Netherlands,Xavi Simons,Right Wing,0.0,3938637,Tactical,Donyell Malen,789,941,39167,103,15582,
2b7f316c-f6e4-4306-aff5-0ec30ad0e227,2965,2,00:32:11.697,77,11,Substitution,119,Netherlands,From Keeper,Poland,Piotr Zieliński,Right Center Midfield,0.0,3938637,Tactical,Jakub Piotrowski,941,789,5660,103,20841,
0ea13ea6-44ff-4b5e-86d6-800d5655a682,3007,2,00:35:04.224,80,4,Substitution,123,Netherlands,From Keeper,Netherlands,Cody Mathès Gakpo,Left Wing,0.0,3938637,Tactical,Jeremie Frimpong,941,941,20750,103,32712,
4e7ac4e6-8e0f-4dc9-a659-dd2afc88a5f6,3008,2,00:35:23.726,80,23,Substitution,123,Netherlands,From Keeper,Netherlands,Memphis Depay,Center Forward,0.0,3938637,Tactical,Wout Weghorst,941,941,2988,103,7829,
0c429e8c-739d-4e1a-bd78-60e4186bf2f9,3113,2,00:40:46.209,85,46,Substitution,131,Netherlands,Regular Play,Poland,Bartosz Salamon,Center Back,0.0,3938637,Injury,Bartosz Bereszyński,941,789,8289,102,5673,
192b5bcb-dff5-48be-8c5b-dc96944a8fa6,3114,2,00:41:31.781,86,31,Substitution,131,Netherlands,Regular Play,Netherlands,Nathan Aké,Left Back,0.0,3938637,Tactical,Micky van de Ven,941,941,3306,103,32547,
0b05c4f0-5282-464d-adf9-ef82df452888,2362,2,00:14:23.947,59,23,Substitution,98,Slovakia,Regular Play,Slovakia,Ondrej Duda,Left Center Midfield,0.0,3938640,Tactical,László Bénes,908,908,8967,103,11383,
e4babb70-619c-4f76-9272-9732a6d41625,2363,2,00:14:33.249,59,33,Substitution,98,Slovakia,Regular Play,Slovakia,Róbert Boženík,Center Forward,0.0,3938640,Tactical,David Strelec,908,908,34904,103,43976,
74bc7957-6091-4f72-830b-344f86a4db96,2520,2,00:21:07.570,66,7,Substitution,109,Slovakia,From Throw In,Ukraine,Artem Dovbyk,Center Forward,0.0,3938640,Tactical,Roman Yaremchuk,908,911,25079,103,23649,
9235a85c-88d7-4de9-84d5-33a94f89adff,2521,2,00:21:16.770,66,16,Substitution,109,Slovakia,From Throw In,Ukraine,Andriy Yarmolenko,Right Midfield,0.0,3938640,Tactical,Oleksandr Zubkov,908,911,8830,103,31892,
bff4ec63-26aa-404f-b2a8-7bf7f7e284ce,2522,2,00:21:35.083,66,35,Substitution,109,Slovakia,From Throw In,Slovakia,Lukáš Haraslín,Left Wing,0.0,3938640,Tactical,Tomáš Suslov,908,908,7975,103,35653,
729e8323-ffb5-4ecd-bced-66d4bf490d9b,2523,2,00:21:40.146,66,40,Substitution,109,Slovakia,From Throw In,Slovakia,Dávid Hancko,Left Back,0.0,3938640,Injury,Adam Obert,908,908,16879,102,85063,
0fc17433-b964-44b6-b56b-e2a4cb168965,3178,2,00:39:23.242,84,23,Substitution,140,Slovakia,From Free Kick,Ukraine,Mykhailo Mudryk,Left Midfield,0.0,3938640,Tactical,Ruslan Malinovskiy,908,911,39483,103,16557,
2d1b0e8e-8d91-4455-9893-9a85a62d97a0,3179,2,00:39:40.495,84,40,Substitution,140,Slovakia,From Free Kick,Ukraine,Volodymyr Brazhko,Left Defensive Midfield,0.0,3938640,Tactical,Serhii Sydorchuk,908,911,144127,103,16514,
e171c33a-3415-4368-bf07-24e322bcf5ce,3201,2,00:40:40.248,85,40,Substitution,142,Slovakia,Regular Play,Slovakia,Ivan Schranz,Right Wing,0.0,3938640,Tactical,Leo Sauer,908,908,28032,103,163610,
7174db66-a58a-49f9-8cc4-84472fce1fc1,3337,2,00:46:03.254,91,3,Substitution,152,Slovakia,From Throw In,Ukraine,Mykola Shaparenko,Left Center Midfield,0.0,3938640,Tactical,Maksym Talovierov,908,911,21294,103,36911,
53e50f2c-6129-41ff-9b31-924a54fe9778,1987,2,00:09:25.494,54,25,Substitution,98,Czech Republic,From Free Kick,Czech Republic,Václav Černý,Right Attacking Midfield,0.0,3938642,Tactical,Matěj Jurásek,912,912,8116,103,39143,
f8f5cdb4-8382-4a4c-85df-e0c96589324b,1988,2,00:09:45.275,54,45,Substitution,98,Czech Republic,From Free Kick,Czech Republic,Adam Hložek,Left Attacking Midfield,0.0,3938642,Tactical,Ondřej Lingr,912,912,28239,103,27826,
23dc7521-bc28-4f9a-a46d-7f3abca8822c,2158,2,00:16:38.077,61,38,Substitution,110,Czech Republic,From Corner,Georgia,Zuriko Davitashvili,Right Wing,0.0,3938642,Tactical,Giorgi Chakvetadze,912,2138,44183,103,23646,
ff155c40-9e62-4b53-be08-07fcb8597351,2159,2,00:16:38.333,61,38,Substitution,110,Czech Republic,From Corner,Georgia,Heorhii Tsitaishvili,Left Wing Back,0.0,3938642,Tactical,Luka Lochoshvili,912,2138,22242,103,48178,
dd98fbda-8cae-4905-9104-4b9798682d2f,2344,2,00:22:30.794,67,30,Substitution,122,Czech Republic,From Free Kick,Czech Republic,Patrik Schick,Center Forward,0.0,3938642,Injury,Mojmír Chytil,912,912,7044,102,32985,
85bc6f40-b898-4597-8c5d-62f057cbd5dc,2806,2,00:35:37.256,80,37,Substitution,147,Georgia,From Throw In,Czech Republic,David Jurásek,Left Wing Back,0.0,3938642,Tactical,Petr Ševčík,2138,912,134272,103,23454,
a3712800-2afd-49d4-aa76-fee4a42b4d51,2807,2,00:35:37.719,80,37,Substitution,147,Georgia,From Throw In,Georgia,Solomon Kverkvelia,Right Center Back,0.0,3938642,Tactical,Giorgi Gvelesiani,2138,2138,16005,103,398886,
58d48e66-4fc8-46d6-8401-a5d9633c227e,2808,2,00:35:41.461,80,41,Substitution,147,Georgia,From Throw In,Georgia,Khvicha Kvaratskhelia,Left Wing,0.0,3938642,Tactical,Saba Lobzhanidze,2138,2138,38229,103,7087,
3a6a2136-5a7d-40d1-811f-8c0d70b5839f,2809,2,00:35:42.889,80,42,Substitution,147,Georgia,From Throw In,Czech Republic,Lukáš Provod,Left Defensive Midfield,0.0,3938642,Tactical,Antonín Barák,2138,912,28034,103,7801,
321fac78-93e4-4570-ad3f-ad65c6e0e2bb,3036,2,00:42:29.558,87,29,Substitution,157,Czech Republic,Regular Play,Georgia,Georges Mikautadze,Center Forward,0.0,3938642,Tactical,Giorgi Kvilitaia,912,2138,33234,103,24284,
afb89031-b029-44b9-b68e-f1bf04b62aa4,3194,2,00:27:48.957,72,48,Substitution,121,Georgia,Regular Play,Georgia,Giorgi Chakvetadze,Right Wing,0.0,3938639,Tactical,Zuriko Davitashvili,2138,2138,23646,103,44183,
55a3cbf8-f530-414c-a8ec-c2322343f14c,3195,2,00:28:00.161,73,0,Substitution,121,Georgia,Regular Play,Georgia,Heorhii Tsitaishvili,Left Wing Back,0.0,3938639,Tactical,Luka Lochoshvili,2138,2138,22242,103,48178,
f73891fc-643a-4118-afac-b06697cc350b,3345,2,00:33:12.218,78,12,Substitution,127,Georgia,Regular Play,Turkey,Arda Güler,Center Forward,0.0,3938639,Tactical,Yusuf Yazıcı,2138,909,116587,103,29989,
56c59b8a-888d-416c-a37b-c14511cbe511,3346,2,00:33:31.779,78,31,Substitution,127,Georgia,Regular Play,Turkey,Kaan Ayhan,Right Defensive Midfield,0.0,3938639,Tactical,Merih Demiral,2138,909,12293,103,23558,
85c41159-b7d0-4678-bce2-fecddd4986af,3463,2,00:40:02.883,85,2,Substitution,135,Georgia,From Throw In,Georgia,Solomon Kverkvelia,Right Center Back,0.0,3938639,Tactical,Budu Zivzivadze,2138,2138,16005,103,102372,
91de7a81-ab20-4246-a244-e1b3e333dad8,3465,2,00:40:12.297,85,12,Substitution,136,Turkey,From Throw In,Turkey,Mert Müldür,Right Wing Back,0.0,3938639,Injury,Mehmet Zeki Çelik,909,909,10826,102,10349,
41d1ffce-deec-4ef9-afb0-b073cd80dbcc,3470,2,00:40:13.177,85,13,Substitution,136,Turkey,From Throw In,Turkey,Kenan Yildiz,Left Wing,0.0,3938639,Tactical,Muhammed Kerem Aktürkoğlu,909,909,151813,103,49689,
7a894403-de97-4988-9c23-b0707154e206,3602,2,00:43:40.267,88,40,Substitution,140,Georgia,From Goal Kick,Georgia,Anzor Mekvabishvili,Left Defensive Midfield,0.0,3938639,Tactical,Sandro Altunashvili,2138,2138,264017,103,135844,
463c6161-54ab-4cf7-af69-ab48dabd0c05,3673,2,00:45:30.931,90,30,Substitution,145,Georgia,Regular Play,Turkey,Hakan Çalhanoğlu,Left Defensive Midfield,0.0,3938639,Tactical,Salih Özcan,2138,909,7039,103,9085,
e522c1ac-8eea-4210-938b-187f1e396c94,1808,2,00:00:00.000,45,0,Substitution,92,Poland,From Corner,Austria,Florian Grillitsch,Left Defensive Midfield,0.0,3938641,Tactical,Patrick Wimmer,789,915,11396,103,33297,
911f0758-ed98-4761-8ace-0f15c60b6474,1809,2,00:00:00.000,45,0,Substitution,92,Poland,From Corner,Poland,Jakub Piotrowski,Left Center Midfield,0.0,3938641,Tactical,Jakub Moder,789,789,20841,103,29480,
7438da0a-b984-4907-b7a8-b7ec221e13f0,2300,2,00:13:22.559,58,22,Substitution,119,Poland,From Free Kick,Austria,Gernot Trauner,Right Center Back,0.0,3938641,Injury,Kevin Danso,789,915,8778,102,11820,
d8b524e7-9c13-4869-baa5-59aaf81fd33c,2301,2,00:14:01.643,59,1,Substitution,119,Poland,From Free Kick,Poland,Krzysztof Piątek,Right Center Forward,0.0,3938641,Tactical,Karol Świderski,789,789,12493,103,8836,
68cad552-2786-4a75-9ead-7e87bc62f78e,2302,2,00:14:17.882,59,17,Substitution,119,Poland,From Free Kick,Poland,Adam Buksa,Left Center Forward,0.0,3938641,Tactical,Robert Lewandowski,789,789,7663,103,5668,
c45ce887-01e4-4646-a188-c1ae556644b7,2361,2,00:17:10.346,62,10,Substitution,123,Austria,From Throw In,Austria,Philipp Mwene,Left Back,0.0,3938641,Tactical,Alexander Prass,915,915,13315,103,39545,
14c1340f-500a-4ea0-8600-47e6d92b2136,2771,2,00:29:57.600,74,57,Substitution,145,Austria,Regular Play,Poland,Bartosz Slisz,Center Defensive Midfield,0.0,3938641,Tactical,Kamil Grosicki,915,789,15859,103,5667,
4632394e-6d4b-4ecb-a335-b06946d37e8b,2849,2,00:34:45.974,79,45,Substitution,152,Poland,From Kick Off,Austria,Christoph Baumgartner,Center Attacking Midfield,0.0,3938641,Tactical,Romano Schmid,789,915,24977,103,8784,
bb051ccb-3da6-4725-9f25-c533e1e25f2f,2850,2,00:35:09.683,80,9,Substitution,152,Poland,From Kick Off,Austria,Marko Arnautović,Center Forward,0.0,3938641,Tactical,Michael Gregoritsch,789,915,3325,103,8309,
91af6655-b036-4540-9274-5fbe9c5640df,3033,2,00:41:10.360,86,10,Substitution,162,Poland,From Corner,Poland,Piotr Zieliński,Right Defensive Midfield,0.0,3938641,Tactical,Kacper Urbanski,789,789,5660,103,33680,
8c9e2509-aa36-4f65-8c99-c463def34084,2041,2,00:00:00.000,45,0,Substitution,77,Portugal,Regular Play,Portugal,João Maria Lobo Alves Palhinha Gonçalves,Left Defensive Midfield,0.0,3938644,Tactical,Rúben Diogo Da Silva Neves,780,780,12169,103,9927,
b578f77e-a4a2-493b-9a1c-092fe1496263,2579,2,00:17:42.698,62,42,Substitution,106,Georgia,From Throw In,Georgia,Luka Lochoshvili,Left Wing Back,0.0,3938644,Tactical,Heorhii Tsitaishvili,2138,2138,48178,103,22242,
fe2ce6d6-50b0-4bc0-82c3-2f0afdb928dd,2684,2,00:20:04.599,65,4,Substitution,110,Georgia,Regular Play,Portugal,Cristiano Ronaldo dos Santos Aveiro,Center Forward,0.0,3938644,Tactical,Gonçalo Matias Ramos,2138,780,5207,103,38803,
dc274179-e9e6-488e-98bd-de03c241c653,2685,2,00:20:05.487,65,5,Substitution,110,Georgia,Regular Play,Portugal,António João Pereira Albuquerque Tavares Silva,Right Center Back,0.0,3938644,Tactical,Nélson Cabral Semedo,2138,780,143854,103,6374,
65f295e0-21c0-48f2-88fc-407e2b26eea8,2984,2,00:29:16.179,74,16,Substitution,123,Georgia,From Keeper,Portugal,Pedro Lomba Neto,Left Wing Back,0.0,3938644,Tactical,Diogo José Teixeira da Silva,2138,780,23256,103,9929,
605a5375-0eb8-4403-8773-108f23c2ee79,2985,2,00:29:46.381,74,46,Substitution,123,Georgia,From Keeper,Portugal,João Neves,Right Defensive Midfield,0.0,3938644,Tactical,Matheus Luiz Nunes,2138,780,143859,103,40874,
300686f3-10f9-4786-b149-590415559148,2988,2,00:30:51.920,75,51,Substitution,124,Portugal,From Throw In,Georgia,Giorgi Gvelesiani,Right Center Back,0.0,3938644,Tactical,Solomon Kverkvelia,780,2138,398886,103,16005,
06a03208-55c0-4bae-a26f-2284fb306b19,3157,2,00:35:30.082,80,30,Substitution,130,Portugal,From Corner,Georgia,Giorgi Chakvetadze,Right Center Midfield,0.0,3938644,Tactical,Anzor Mekvabishvili,780,2138,23646,103,264017,
8bd6a301-e97c-4e31-82ca-8b75176747ea,3158,2,00:36:05.124,81,5,Substitution,130,Portugal,From Corner,Georgia,Khvicha Kvaratskhelia,Left Center Forward,0.0,3938644,Tactical,Zuriko Davitashvili,780,2138,38229,103,44183,
8a9f8da6-2b65-4c26-b3c5-15ebdacb920e,2534,2,00:15:18.030,60,18,Substitution,104,France,From Throw In,France,Adrien Rabiot,Left Center Midfield,0.0,3938643,Tactical,Eduardo Camavinga,771,771,3026,103,24778,
fa7cbbd9-ec41-4128-91fc-7960beac5117,2535,2,00:15:20.312,60,20,Substitution,104,France,From Throw In,France,Bradley Barcola,Left Wing,0.0,3938643,Tactical,Olivier Giroud,771,771,39420,103,3604,
72b84cbc-261c-42d1-be88-8b46cb0c1d99,2536,2,00:15:39.282,60,39,Substitution,104,France,From Throw In,France,N'Golo Kanté,Right Center Midfield,0.0,3938643,Tactical,Antoine Griezmann,771,771,3961,103,5487,
407276e3-3b7b-4d8a-8cdc-51f9a6de679b,2812,2,00:22:29.650,67,29,Substitution,115,France,Regular Play,Poland,Nicola Zalewski,Left Wing Back,0.0,3938643,Tactical,Michał Skóraś,771,789,50502,103,28453,
8230a6c6-f8c5-4804-b425-b7a231fb0caa,2813,2,00:22:29.887,67,29,Substitution,115,France,Regular Play,Poland,Sebastian Szymański,Right Center Midfield,0.0,3938643,Tactical,Karol Świderski,771,789,4664,103,8836,
9a842503-0aec-48e9-b193-b002ff851251,3219,2,00:35:46.839,80,46,Substitution,129,Poland,Regular Play,France,Aurélien Djani Tchouaméni,Center Defensive Midfield,0.0,3938643,Tactical,Youssouf Fofana,789,771,10481,103,11990,
03063b49-a053-45f0-be81-9a6f2a48d3af,3401,2,00:40:14.690,85,14,Substitution,137,France,Regular Play,France,Ousmane Dembélé,Right Wing,0.0,3938643,Tactical,Randal Kolo Muani,771,771,5477,103,22097,
c494f7e8-c9c7-4687-85eb-9da8c53d1165,2274,2,00:16:31.207,61,31,Substitution,97,Ukraine,From Throw In,Romania,Dennis Man,Right Midfield,0.0,3938638,Tactical,Ianis Hagi,911,905,56905,103,28565,
e6a7f356-4c39-43cf-b64b-97de85b6048e,2275,2,00:16:46.568,61,46,Substitution,97,Ukraine,From Throw In,Romania,Florinel Teodor Coman,Left Midfield,0.0,3938638,Tactical,Valentin Mihai Mihăilă,911,905,34599,103,72512,
909fe7eb-b6f8-47ee-94c6-6835063387bc,2276,2,00:16:54.506,61,54,Substitution,97,Ukraine,From Throw In,Ukraine,Taras Stepanenko,Left Defensive Midfield,0.0,3938638,Tactical,Volodymyr Brazhko,911,911,11000,103,144127,
bae7fa18-3cc1-4d57-8b63-e468dab05c12,2278,2,00:17:31.813,62,31,Substitution,98,Romania,From Goal Kick,Ukraine,Viktor Tsygankov,Right Wing,0.0,3938638,Tactical,Andriy Yarmolenko,905,911,16509,103,8830,
ca44801b-9e07-466f-bca6-cab1777c4cce,2279,2,00:17:31.847,62,31,Substitution,98,Romania,From Goal Kick,Ukraine,Mykola Shaparenko,Right Defensive Midfield,0.0,3938638,Tactical,Roman Yaremchuk,905,911,21294,103,23649,
b57abe55-1585-49a5-a034-49bc458060e2,2534,2,00:26:15.318,71,15,Substitution,113,Ukraine,From Corner,Ukraine,Yukhym Konoplya,Right Back,0.0,3938638,Tactical,Oleksandr Tymchyk,911,911,45785,103,45863,
43e456b0-92f9-4f55-aedb-f5a704b4543e,2629,2,00:29:56.708,74,56,Substitution,119,Romania,Regular Play,Romania,Marius Mihai Marin,Center Defensive Midfield,0.0,3938638,Tactical,Adrián Rus,905,905,30913,103,34602,
0ac00920-03da-4d2b-8f17-2474281e251f,2630,2,00:30:00.541,75,0,Substitution,119,Romania,Regular Play,Romania,Denis Mihai Drăguş,Center Forward,0.0,3938638,Tactical,George Alexandru Puşcaş,905,905,31193,103,8660,
67b5e55b-fa51-4484-a839-926e3705baee,2839,2,00:37:19.740,82,19,Substitution,132,Romania,Regular Play,Ukraine,Georgiy Sudakov,Left Defensive Midfield,0.0,3938638,Tactical,Ruslan Malinovskiy,905,911,38975,103,16557,
add64038-c9a8-4cf9-a33b-00979e888c3a,2927,2,00:41:14.708,86,14,Substitution,138,Ukraine,Regular Play,Romania,Nicolae Claudiu Stanciu,Left Center Midfield,0.0,3938638,Tactical,Bogdan Racovițan,911,905,10916,103,45023,
de77142a-cd2a-4952-8501-8a0c38c5e90c,1979,2,00:12:51.314,57,51,Substitution,103,Slovakia,From Throw In,Romania,Florinel Teodor Coman,Left Midfield,0.0,3930183,Tactical,Deian Cristian Sorescu,908,905,34599,103,130984,
64a7f065-a0d0-4006-aabd-b9eed21dd446,2227,2,00:20:51.997,65,51,Substitution,118,Slovakia,From Throw In,Romania,Ianis Hagi,Right Midfield,0.0,3930183,Tactical,Dennis Man,908,905,28565,103,56905,
464f2f4c-956f-404a-a0b6-0f3b7b34b62a,2228,2,00:21:03.576,66,3,Substitution,118,Slovakia,From Throw In,Romania,Denis Mihai Drăguş,Center Forward,0.0,3930183,Tactical,George Alexandru Puşcaş,908,905,31193,103,8660,
3f6358d5-d6ba-49b7-9354-9b06c862ed03,2378,2,00:24:37.248,69,37,Substitution,122,Romania,Regular Play,Slovakia,Lukáš Haraslín,Left Wing,0.0,3930183,Tactical,Tomáš Suslov,905,908,7975,103,35653,
ee34153d-ef10-4abc-a514-bdf844bb936e,2379,2,00:24:43.343,69,43,Substitution,122,Romania,Regular Play,Slovakia,David Strelec,Center Forward,0.0,3930183,Tactical,Róbert Boženík,905,908,43976,103,34904,
ebd76c75-eccc-46d8-99f9-bfd8da2f6849,2623,2,00:31:43.652,76,43,Substitution,138,Romania,From Free Kick,Slovakia,Ivan Schranz,Right Wing,0.0,3930183,Tactical,Dávid Ďuriš,905,908,28032,103,44167,
b5457d4c-9367-4fe5-9920-5addab28411b,2791,2,00:40:25.376,85,25,Substitution,151,Romania,From Throw In,Romania,Răzvan Gabriel Marin,Right Defensive Midfield,0.0,3930183,Tactical,Adrián Rus,905,905,16344,103,34602,
3eae7654-7840-4478-ba34-625d52db2cbd,2840,2,00:46:15.135,91,15,Substitution,157,Romania,From Goal Kick,Slovakia,Peter Pekarík,Right Back,0.0,3930183,Tactical,Norbert Gyömbér,905,908,9722,103,20043,
bbfd87d6-a232-4b17-9b9d-815095c5d1f5,2841,2,00:46:26.043,91,26,Substitution,157,Romania,From Goal Kick,Slovakia,Ondrej Duda,Left Center Midfield,0.0,3930183,Tactical,Matúš Bero,905,908,8967,103,15546,
ce8ec104-e49e-48ff-ad4c-3f6adfc34ee3,1924,2,00:00:00.000,45,0,Substitution,68,England,Regular Play,England,Conor Gallagher,Right Defensive Midfield,0.0,3930181,Tactical,Kobbie Mainoo,768,768,29399,103,99174,
2d451079-44ec-4255-877f-3cf5cb0b6728,2887,2,00:25:05.584,70,5,Substitution,97,Slovenia,From Free Kick,England,Bukayo Saka,Right Wing,0.0,3930181,Tactical,Cole Palmer,944,768,22084,103,39461,
a865ce38-ad62-4dd9-b70c-5aa0c6476bec,3070,2,00:29:52.923,74,52,Substitution,103,England,From Throw In,Slovenia,Benjamin Šeško,Left Center Forward,0.0,3930181,Tactical,Josip Iličić,768,944,38759,103,7139,
e622c720-d33e-4f1f-8d1e-52cd66569860,3406,2,00:38:49.099,83,49,Substitution,118,Slovenia,Regular Play,England,Kieran Trippier,Left Back,0.0,3930181,Tactical,Trent Alexander-Arnold,944,768,3308,103,3664,
fdcba003-45e1-4d40-931d-bc9dc52ffc71,3441,2,00:39:50.502,84,50,Substitution,122,Slovenia,Regular Play,Slovenia,Jan Mlakar,Left Midfield,0.0,3930181,Tactical,Jon Gorenc Stankovič,944,944,31089,103,11416,
9763708e-4fb2-4d03-8837-8f1c716c4f18,3443,2,00:40:38.880,85,38,Substitution,123,Slovenia,From Throw In,Slovenia,Andraž Šporar,Right Center Forward,0.0,3930181,Tactical,Žan Celar,944,944,31866,103,24109,
a1382e02-e991-414e-9ffe-42f9a2a7e442,3555,2,00:43:53.491,88,53,Substitution,128,Slovenia,Regular Play,England,Phil Foden,Left Wing,0.0,3930181,Tactical,Anthony Gordon,944,768,4354,103,28104,
c9994c97-61e5-49b4-9430-4884bb92c487,3576,2,00:44:58.579,89,58,Substitution,130,England,Regular Play,Slovenia,Erik Janža,Left Back,0.0,3930181,Tactical,Jure Balkovec,768,944,28211,103,30940,
4a929a64-8eac-4690-a6f8-a3fb9ac504c0,2199,2,00:00:00.000,45,0,Substitution,67,Italy,From Goal Kick,Italy,Lorenzo Pellegrini,Left Center Midfield,0.0,3930178,Tactical,Davide Frattesi,914,914,6963,103,30926,
bd47bd26-b3f6-44a4-8c25-fdd47d6564b1,2200,2,00:00:00.000,45,0,Substitution,67,Italy,From Goal Kick,Croatia,Mario Pašalić,Left Wing,0.0,3930178,Tactical,Ante Budimir,914,785,11603,103,8654,
131cfe00-b363-4a6e-8f72-f619f6c51a2b,2531,2,00:11:40.709,56,40,Substitution,77,Croatia,Other,Italy,Federico Dimarco,Left Wing Back,0.0,3930178,Tactical,Federico Chiesa,785,914,12255,103,7156,
f9d9c04f-a01e-4a95-ac5f-05aba0832b84,3045,2,00:24:31.241,69,31,Substitution,96,Italy,From Corner,Croatia,Luka Sučić,Right Wing,0.0,3930178,Tactical,Ivan Perišić,914,785,39490,103,5474,
47d40a2d-dd58-4883-9f90-0e17bd1cafad,3046,2,00:24:56.414,69,56,Substitution,96,Italy,From Corner,Croatia,Mateo Kovačić,Left Center Midfield,0.0,3930178,Tactical,Luka Ivanušec,914,785,5456,103,28368,
bd51943b-eb60-44df-9bf2-8925e93b150e,3176,2,00:29:20.065,74,20,Substitution,100,Italy,From Free Kick,Italy,Giacomo Raspadori,Left Center Forward,0.0,3930178,Tactical,Gianluca Scamacca,914,914,25048,103,10992,
b7f8ffbc-331b-4b60-99ac-1ef8599026c5,3364,2,00:35:02.586,80,2,Substitution,107,Croatia,From Throw In,Croatia,Luka Modrić,Right Center Midfield,0.0,3930178,Tactical,Lovro Majer,785,785,5463,103,28914,
124f664a-3d3c-4dff-87c2-78e37549c18f,3390,2,00:35:52.036,80,52,Substitution,109,Italy,From Throw In,Italy,Jorge Luiz Frello Filho,Center Defensive Midfield,0.0,3930178,Tactical,Nicolò Fagioli,914,914,7024,103,38909,
87c6fb39-f647-4cc4-abe2-18e549bc6908,3391,2,00:35:53.253,80,53,Substitution,109,Italy,From Throw In,Italy,Matteo Darmian,Left Wing Back,0.0,3930178,Tactical,Mattia Zaccagni,914,914,4587,103,8792,
e5340ab7-acc5-4ae2-85c4-c998f7a79c25,3677,2,00:44:06.977,89,6,Substitution,122,Croatia,Regular Play,Croatia,Andrej Kramarić,Right Wing,0.0,3930178,Tactical,Josip Juranović,785,785,5460,103,29163,
05507e8c-8bb3-4afc-a692-f8825128288e,2623,2,00:15:34.405,60,34,Substitution,103,Switzerland,Regular Play,Germany,Jonathan Tah,Left Center Back,0.0,3930176,Tactical,Nico Schlotterbeck,773,770,8221,103,24118,
14059ae6-ba33-43c8-9998-4b9797100ef9,2624,2,00:15:40.853,60,40,Substitution,103,Switzerland,Regular Play,Germany,Maximilian Mittelstädt,Left Back,0.0,3930176,Tactical,David Raum,773,770,12407,103,12034,
73657a6c-1715-420d-8873-c289e772d09c,2741,2,00:19:30.616,64,30,Substitution,108,Germany,From Corner,Switzerland,Dan Ndoye,Left Attacking Midfield,0.0,3930176,Tactical,Mohamed Zeki Amdouni,770,773,45190,103,48335,
16932af4-7820-4dbc-a1cc-bc79efbeacfd,2743,2,00:20:14.576,65,14,Substitution,109,Switzerland,From Goal Kick,Switzerland,Breel-Donald Embolo,Center Forward,0.0,3930176,Tactical,Kwadwo Duah,773,773,5545,103,49007,
0456906c-21cf-42f5-bfc5-10c6a2067dd0,2744,2,00:20:14.598,65,14,Substitution,109,Switzerland,From Goal Kick,Germany,Robert Andrich,Right Defensive Midfield,0.0,3930176,Tactical,Maximilian Beier,773,770,9195,103,35242,
03694c97-dd0e-4a4f-a0fb-25b180b15fd7,2745,2,00:20:14.870,65,14,Substitution,109,Switzerland,From Goal Kick,Switzerland,Fabian Rieder,Right Attacking Midfield,0.0,3930176,Tactical,Ruben Vargas,773,773,50436,103,30401,
b6f2b33b-6e98-4246-84c8-63cd54c7db11,3139,2,00:30:07.900,75,7,Substitution,123,Switzerland,Regular Play,Germany,Florian Wirtz,Right Wing,0.0,3930176,Tactical,Leroy Sané,773,770,40724,103,3053,
e0973a3e-4ab7-4bde-ba8e-addc6dc666d6,3140,2,00:30:22.485,75,22,Substitution,123,Switzerland,Regular Play,Germany,Jamal Musiala,Left Wing,0.0,3930176,Tactical,Niclas Füllkrug,773,770,39565,103,8546,
7abda230-20c4-4f68-bc12-7c3c011fee33,2052,2,00:10:15.002,55,15,Substitution,105,Romania,From Keeper,Belgium,Dodi Lukebakio,Right Wing,0.0,3930175,Tactical,Leandro Trossard,905,782,12306,103,16559,
d9bfc94a-a9fd-4747-9eeb-712888c82814,2396,2,00:21:53.888,66,53,Substitution,125,Belgium,From Throw In,Romania,Marius Mihai Marin,Center Defensive Midfield,0.0,3930175,Tactical,Darius Dumitru Olaru,782,905,30913,103,101821,
d4fff062-1438-458a-931e-34cb5b9631ca,2397,2,00:22:04.703,67,4,Substitution,125,Belgium,From Throw In,Romania,Valentin Mihai Mihăilă,Left Midfield,0.0,3930175,Tactical,Ianis Hagi,782,905,72512,103,28565,
aaa81e52-f062-439c-8e1f-e7e640ec6709,2582,2,00:26:10.491,71,10,Substitution,134,Romania,From Throw In,Belgium,Youri Tielemans,Right Defensive Midfield,0.0,3930175,Tactical,Orel Mangala,905,782,2954,103,8950,
d5e8f4ea-3c06-4be2-b736-e2ef8af0b891,2583,2,00:26:42.815,71,42,Substitution,134,Romania,From Throw In,Belgium,Jeremy Doku,Left Wing,0.0,3930175,Tactical,Yannick Ferreira Carrasco,905,782,23650,103,5633,
2924fcf9-7486-4b47-acac-091397c97129,2726,2,00:30:55.969,75,55,Substitution,143,Belgium,From Throw In,Belgium,Arthur Theate,Left Back,0.0,3930175,Injury,Zeno Debast,782,782,43913,102,114832,
f59cce3b-1529-44bf-be82-0fc5c3358992,2814,2,00:35:14.049,80,14,Substitution,148,Belgium,From Free Kick,Romania,Denis Mihai Drăguş,Center Forward,0.0,3930175,Tactical,Denis Alibec,782,905,31193,103,10915,
0b10fce9-1245-44a6-940a-1783d056f768,3042,2,00:43:48.436,88,48,Substitution,165,Romania,From Free Kick,Romania,Andrei Florin Ratiu,Right Back,0.0,3930175,Tactical,Deian Cristian Sorescu,905,905,24861,103,130984,
71f31aa5-4423-4fe6-8c66-b5bb2a45f9d2,1745,2,00:00:00.000,45,0,Substitution,75,Portugal,Regular Play,Turkey,Orkun Kökçü,Center Attacking Midfield,0.0,3930174,Tactical,Yusuf Yazıcı,780,909,22212,103,29989,
312d65a9-dc28-4ec5-b895-7c65f736183d,1746,2,00:00:00.000,45,0,Substitution,75,Portugal,Regular Play,Portugal,Rafael Alexandre Conceição Leão,Left Wing,0.0,3930174,Tactical,Pedro Lomba Neto,780,780,18360,103,23256,
b829890c-c326-45f5-bc79-81165b845c12,1747,2,00:00:00.000,45,0,Substitution,75,Portugal,Regular Play,Portugal,João Maria Lobo Alves Palhinha Gonçalves,Left Defensive Midfield,0.0,3930174,Tactical,Rúben Diogo Da Silva Neves,780,780,12169,103,9927,
7c20c3e9-e264-415d-9339-0064a548bfbd,2380,2,00:12:57.726,57,57,Substitution,95,Portugal,Regular Play,Turkey,Kaan Ayhan,Left Defensive Midfield,0.0,3930174,Tactical,İsmail Yüksek,780,909,12293,103,78241,True
1dca486a-0d0f-4d27-85d4-a7a6aa775c10,2381,2,00:12:58.061,57,58,Substitution,95,Portugal,Regular Play,Turkey,Muhammed Kerem Aktürkoğlu,Left Wing,0.0,3930174,Tactical,Kenan Yildiz,780,909,49689,103,151813,True
2ec36fd2-b724-495c-899a-e02ac4a658dc,2811,2,00:23:05.458,68,5,Substitution,112,Portugal,Regular Play,Portugal,João Pedro Cavaco Cancelo,Right Back,0.0,3930174,Tactical,Nélson Cabral Semedo,780,780,7005,103,6374,True
8374b2d2-de51-4324-92f1-a5b6b7d69252,2834,2,00:23:59.170,68,59,Substitution,114,Turkey,Regular Play,Turkey,Yunus Akgün,Right Wing,0.0,3930174,Tactical,Arda Güler,909,909,18723,103,116587,
0f12ec11-7b5f-40bb-957e-cd3771eb111b,3007,2,00:29:55.942,74,55,Substitution,121,Portugal,From Free Kick,Turkey,Samet Akaydin,Right Center Back,0.0,3930174,Injury,Merih Demiral,780,909,133305,102,23558,
0844a381-0bef-417b-9187-43e8e326c70a,3260,2,00:37:07.004,82,7,Substitution,134,Portugal,Regular Play,Portugal,Kléper Laveran Lima Ferreira,Left Center Back,0.0,3930174,Tactical,António João Pereira Albuquerque Tavares Silva,780,780,20016,103,143854,
b34f2da0-9419-4493-8334-c82a19888e8f,3530,2,00:42:56.237,87,56,Substitution,146,Turkey,From Keeper,Portugal,Vitor Machado Ferreira,Right Defensive Midfield,0.0,3930174,Tactical,João Neves,909,780,34639,103,143859,
5453211b-dfe3-4a95-b5ef-ea65cbf16e66,1945,2,00:00:00.000,45,0,Substitution,81,Slovenia,From Goal Kick,Serbia,Filip Mladenović,Left Wing Back,0.0,3930170,Tactical,Mijat Gaćinović,944,786,7993,103,8669,
89e03d1a-16df-4106-b29e-03bb4c6445ef,2664,2,00:17:43.988,62,43,Substitution,98,Serbia,Regular Play,Slovenia,Jan Mlakar,Left Midfield,0.0,3930170,Tactical,Jon Gorenc Stankovič,786,944,31089,103,11416,
46f001d3-1be6-4b13-946b-452fe7c6c41e,2666,2,00:18:09.532,63,9,Substitution,98,Serbia,Regular Play,Serbia,Dušan Vlahović,Left Attacking Midfield,0.0,3930170,Tactical,Luka Jović,786,786,18015,103,6319,
dfbc17fe-3aec-4712-80e3-46992c410c12,2668,2,00:18:52.316,63,52,Substitution,99,Serbia,From Throw In,Serbia,Saša Lukić,Left Defensive Midfield,0.0,3930170,Tactical,Sergej Milinković-Savić,786,786,6687,103,5589,
d70f57fa-f3bd-4b7a-b67e-9b9f1188337b,3033,2,00:30:32.312,75,32,Substitution,115,Serbia,From Free Kick,Slovenia,Benjamin Šeško,Left Center Forward,0.0,3930170,Tactical,Žan Vipotnik,786,944,38759,103,290289,
ecdc6453-cef8-4b15-bc50-11a924a16a67,3034,2,00:30:36.794,75,36,Substitution,115,Serbia,From Free Kick,Slovenia,Petar Stojanović,Right Center Midfield,0.0,3930170,Tactical,Benjamin Verbič,786,944,16528,103,16510,
03ca3778-3da5-4f2c-afb1-2c287b6d1659,3208,2,00:36:06.150,81,6,Substitution,124,Serbia,From Throw In,Serbia,Andrija Živković,Right Wing Back,0.0,3930170,Tactical,Veljko Birmančević,786,786,6318,103,28075,
e61bf79e-c3b4-437c-8058-64689c3a066b,3209,2,00:36:16.011,81,16,Substitution,124,Serbia,From Throw In,Serbia,Dušan Tadić,Right Center Forward,0.0,3930170,Tactical,Lazar Samardžić,786,786,3831,103,40735,
54d82a66-a0f2-4024-aa1b-88e2cbfbdf52,3442,2,00:45:39.338,90,39,Substitution,140,Serbia,From Corner,Slovenia,Timi Elšnik,Left Midfield,0.0,3930170,Tactical,David Brekalo,786,944,15896,103,101806,
f57ffb5d-8477-4adc-8c4a-391726f7d689,2113,2,00:13:39.418,58,39,Substitution,118,Switzerland,Regular Play,Switzerland,Xherdan Shaqiri,Center Attacking Midfield,0.0,3930169,Tactical,Breel-Donald Embolo,773,773,3533,103,5545,
353e3a36-37ad-47e6-9dd9-43b31f39856a,2116,2,00:15:50.037,60,50,Substitution,119,Scotland,From Goal Kick,Scotland,Kieran Tierney,Left Center Back,0.0,3930169,Injury,Scott McKenna,942,942,10540,102,10002,
ee95621b-b060-4100-901e-044b52eb8b29,2452,2,00:28:48.547,73,48,Substitution,146,Scotland,From Free Kick,Switzerland,Remo Freuler,Right Defensive Midfield,0.0,3930169,Tactical,Vincent Sierro,942,773,6983,103,11457,
69fd8f77-7edd-423e-a5a9-9ae163235447,2454,2,00:29:34.277,74,34,Substitution,147,Switzerland,From Goal Kick,Switzerland,Ruben Vargas,Left Wing,0.0,3930169,Tactical,Fabian Rieder,773,773,30401,103,50436,
5a1abdd0-4adc-4793-9068-63a52f78b4ea,2580,2,00:33:40.819,78,40,Substitution,153,Scotland,From Goal Kick,Scotland,Billy Gilmour,Right Defensive Midfield,0.0,3930169,Tactical,Kenneth McLean,942,942,31067,103,9478,
ca74c216-f148-466c-9e08-a29f811c2d50,2812,2,00:40:30.048,85,30,Substitution,163,Scotland,Regular Play,Switzerland,Silvan Widmer,Right Wing Back,0.0,3930169,Tactical,Leonidas Stergiou,942,773,7796,103,29227,
f3491835-9605-48b0-86de-338cc9c42a6d,2813,2,00:40:33.734,85,33,Substitution,163,Scotland,Regular Play,Switzerland,Dan Ndoye,Left Wing,0.0,3930169,Tactical,Mohamed Zeki Amdouni,942,773,45190,103,48335,
19b5fe5a-c527-4e5b-bdae-0c24e16545cc,2946,2,00:44:34.709,89,34,Substitution,171,Switzerland,From Free Kick,Scotland,John McGinn,Left Center Forward,0.0,3930169,Tactical,Ryan Christie,773,942,9974,103,12510,
09027f6a-6b03-4903-94ce-fc47445b8dbe,2947,2,00:44:42.218,89,42,Substitution,171,Switzerland,From Free Kick,Scotland,Che Adams,Right Center Forward,0.0,3930169,Tactical,Lawrence Shankland,773,942,9466,103,38169,
10d695cb-a233-450c-b4fb-80e7146c0cb1,2482,2,00:14:53.236,59,53,Substitution,97,Portugal,From Corner,Czech Republic,Jan Kuchta,Left Attacking Midfield,0.0,3930166,Tactical,Ondřej Lingr,780,912,29484,103,27826,
5575dbd7-d042-4924-99fe-e2a11e6c2f01,2483,2,00:15:02.025,60,2,Substitution,97,Portugal,From Corner,Czech Republic,Patrik Schick,Center Forward,0.0,3930166,Tactical,Mojmír Chytil,780,912,7044,103,32985,
0f9fda50-9591-4f1c-8f4b-83cac488d2f8,2530,2,00:17:51.518,62,51,Substitution,100,Czech Republic,From Goal Kick,Portugal,José Diogo Dalot Teixeira,Right Wing Back,0.0,3930166,Tactical,Gonçalo Bernardo Inácio,912,780,16028,103,42106,
1cc094f3-0d8a-42d7-9672-2b122dd75f4c,2531,2,00:17:51.598,62,51,Substitution,100,Czech Republic,From Goal Kick,Portugal,Rafael Alexandre Conceição Leão,Left Center Forward,0.0,3930166,Tactical,Diogo José Teixeira da Silva,912,780,18360,103,9929,
8042a47a-e652-45ff-b41b-6d865e5efdea,3116,2,00:33:52.560,78,52,Substitution,126,Portugal,From Corner,Czech Republic,Pavel Šulc,Right Attacking Midfield,0.0,3930166,Tactical,Petr Ševčík,780,912,28227,103,23454,
9bd7bc64-7a49-46c3-9e6b-0b322025a864,3117,2,00:33:54.256,78,54,Substitution,126,Portugal,From Corner,Czech Republic,Lukáš Provod,Right Defensive Midfield,0.0,3930166,Tactical,Antonín Barák,780,912,28034,103,7801,
dc08fc49-f561-419b-92ec-df8069c328b8,3480,2,00:44:11.760,89,11,Substitution,147,Czech Republic,Regular Play,Portugal,João Pedro Cavaco Cancelo,Right Wing Back,0.0,3930166,Tactical,Nélson Cabral Semedo,912,780,7005,103,6374,
1009593a-2438-450e-8556-9c885933853d,3482,2,00:44:31.349,89,31,Substitution,148,Czech Republic,From Goal Kick,Portugal,Vitor Machado Ferreira,Right Defensive Midfield,0.0,3930166,Tactical,Francisco Fernandes Conceição,912,780,34639,103,39624,
3ff91709-7d1c-47bb-894a-66c842c19ebc,3483,2,00:44:31.389,89,31,Substitution,148,Czech Republic,From Goal Kick,Portugal,Nuno Mendes,Left Wing Back,0.0,3930166,Tactical,Pedro Lomba Neto,912,780,41092,103,23256,
a95203a9-400e-45a7-ab96-105538415bc4,3542,2,00:47:43.898,92,43,Substitution,150,Portugal,From Goal Kick,Czech Republic,Tomáš Holeš,Right Center Back,0.0,3930166,Tactical,Tomáš Chorý,780,912,16469,103,21226,
aab18e25-2597-4f4d-9d25-13d1c6edc8a3,1835,1,00:43:00.298,43,0,Substitution,55,England,From Throw In,Serbia,Filip Kostić,Left Wing Back,0.0,3930163,Injury,Filip Mladenović,768,786,5591,102,7993,
b780d7ec-8e08-4ecd-8b2f-2f7037e70387,2042,2,00:00:00.000,45,0,Substitution,62,Serbia,From Corner,Serbia,Nemanja Gudelj,Center Defensive Midfield,0.0,3930163,Tactical,Ivan Ilić,786,786,16489,103,30179,
482cdbd2-90b3-4f70-b063-89dba8036b6d,2808,2,00:15:02.871,60,2,Substitution,85,England,Regular Play,Serbia,Aleksandar Mitrović,Left Center Forward,0.0,3930163,Tactical,Dušan Tadić,768,786,4269,103,3831,
ad231f01-7869-4d1b-aecb-57d96ab8eaf9,2809,2,00:15:31.377,60,31,Substitution,85,England,Regular Play,Serbia,Saša Lukić,Center Defensive Midfield,0.0,3930163,Tactical,Luka Jović,768,786,6687,103,6319,
20bb9464-3737-4436-9eee-4836e5c4add0,3079,2,00:23:20.482,68,20,Substitution,96,England,Regular Play,England,Trent Alexander-Arnold,Right Defensive Midfield,0.0,3930163,Tactical,Conor Gallagher,768,768,3664,103,29399,
05f170ec-8ae6-4f54-ac60-2effb502dd49,3245,2,00:28:36.682,73,36,Substitution,103,England,From Throw In,Serbia,Andrija Živković,Right Wing Back,0.0,3930163,Tactical,Veljko Birmančević,768,786,6318,103,28075,
29e3471e-d8ce-4152-8015-2c343bb27e3a,3272,2,00:30:06.904,75,6,Substitution,105,England,Regular Play,England,Bukayo Saka,Right Wing,0.0,3930163,Tactical,Jarrod Bowen,768,768,22084,103,9640,
aa5aa3dd-7155-4c07-afe8-7676c76da76a,3593,2,00:40:19.541,85,19,Substitution,121,England,Regular Play,England,Jude Bellingham,Center Attacking Midfield,0.0,3930163,Tactical,Kobbie Mainoo,768,768,30714,103,99174,
98a07363-ac8e-4881-b95b-18cc8fb07105,2672,2,00:21:34.429,66,34,Substitution,95,Slovenia,From Free Kick,Slovenia,Petar Stojanović,Right Midfield,0.0,3930162,Tactical,Benjamin Verbič,944,944,16528,103,16510,
35e78eda-a7b1-4bd9-a73e-85f0ce69d0a1,2954,2,00:29:39.372,74,39,Substitution,111,Denmark,From Goal Kick,Slovenia,Jan Mlakar,Right Midfield,0.0,3930162,Tactical,Žan Celar,776,944,31089,103,24109,
516967d9-6b19-4b48-bd6d-9af03095a550,2955,2,00:30:00.279,75,0,Substitution,111,Denmark,From Goal Kick,Slovenia,Timi Elšnik,Left Defensive Midfield,0.0,3930162,Tactical,Jon Gorenc Stankovič,776,944,15896,103,11416,
686f7e70-4aab-4663-889c-9024b10d6638,2988,2,00:32:02.608,77,2,Substitution,114,Denmark,Regular Play,Denmark,Victor Bernth Kristansen,Left Wing Back,0.0,3930162,Tactical,Joakim Mæhle,776,776,60343,103,16554,
f16946f7-0590-4663-ba4e-c5b8e53e9b9b,3119,2,00:37:38.819,82,38,Substitution,125,Denmark,From Keeper,Denmark,Rasmus Winther Højlund,Left Center Forward,0.0,3930162,Tactical,Yussuf Yurary Poulsen,776,776,51672,103,5536,
ad9ef335-a7a9-4379-a71b-d17148f63eda,3120,2,00:37:39.948,82,39,Substitution,125,Denmark,From Keeper,Denmark,Jonas Older Wind,Right Center Forward,0.0,3930162,Tactical,Kasper Dolberg,776,776,21261,103,6302,
e2997e19-cbb1-450b-8022-68eed68301a8,3122,2,00:38:21.816,83,21,Substitution,126,Slovenia,From Goal Kick,Denmark,Pierre-Emile Højbjerg,Left Defensive Midfield,0.0,3930162,Tactical,Christian Nørgaard,944,776,3570,103,7097,
962b34ca-58c2-4cc4-b2d7-e9462b3f6cbb,3320,2,00:44:00.756,89,0,Substitution,134,Denmark,From Throw In,Denmark,Morten Hjulmand,Right Defensive Midfield,0.0,3930162,Tactical,Thomas Delaney,776,776,8621,103,5527,
3c1986bd-c118-41e2-9280-a12aa9725316,3504,2,00:48:38.818,93,38,Substitution,140,Slovenia,From Goal Kick,Slovenia,Andraž Šporar,Right Center Forward,0.0,3930162,Tactical,David Brekalo,944,944,31866,103,101806,
1d08459f-69ed-4c04-9487-3a885b350d9d,3505,2,00:48:54.955,93,54,Substitution,140,Slovenia,From Goal Kick,Slovenia,Benjamin Šeško,Left Center Forward,0.0,3930162,Tactical,Jasmin Kurtič,944,944,38759,103,6941,
2499bf42-16e9-471d-8e78-049a90978b13,2244,2,00:10:13.656,55,13,Substitution,106,Spain,Regular Play,Croatia,Ante Budimir,Center Forward,0.0,3930160,Tactical,Ivan Perišić,772,785,8654,103,5474,
ee1fa771-1dc5-4e30-8f69-ff3396932fbf,2364,2,00:13:58.648,58,58,Substitution,110,Spain,Regular Play,Spain,Pedro González López,Center Attacking Midfield,0.0,3930160,Tactical,Daniel Olmo Carvajal,772,772,30486,103,16532,
c93a9550-8bf1-4d51-bd37-f39441f65568,2627,2,00:19:32.182,64,32,Substitution,119,Spain,Regular Play,Croatia,Luka Modrić,Right Center Midfield,0.0,3930160,Tactical,Mario Pašalić,772,785,5463,103,11603,
2f4fbecc-8efd-43d5-adaa-673abaec8045,2628,2,00:19:52.885,64,52,Substitution,119,Spain,Regular Play,Croatia,Mateo Kovačić,Left Center Midfield,0.0,3930160,Tactical,Luka Sučić,772,785,5456,103,39490,
62f437b9-2e81-44a5-93c8-b6b4f39feece,2684,2,00:21:42.395,66,42,Substitution,123,Spain,From Keeper,Spain,Álvaro Borja Morata Martín,Center Forward,0.0,3930160,Injury,Mikel Oyarzabal Ugarte,772,772,3477,102,6685,
69d4800d-86b2-47e4-b9d1-bd5066c637c3,2685,2,00:21:53.873,66,53,Substitution,123,Spain,From Keeper,Spain,Nicholas Williams Arthuer,Left Wing,0.0,3930160,Tactical,Mikel Merino Zazón,772,772,68574,103,3042,
0f0ad79d-1d43-427d-affb-7dde5e8909e9,2959,2,00:26:30.289,71,30,Substitution,133,Spain,Regular Play,Croatia,Andrej Kramarić,Center Forward,0.0,3930160,Tactical,Bruno Petković,772,785,5460,103,7693,
9c2e4369-54e6-4dd7-a9b9-19aa1bfe93d8,3369,2,00:40:07.466,85,7,Substitution,155,Spain,From Keeper,Spain,Rodrigo Hernández Cascante,Left Defensive Midfield,0.0,3930160,Injury,Martín Zubimendi Ibáñez,772,772,6765,102,24921,True
9e7a0fb7-726f-40b5-83ee-e66ebb508091,3370,2,00:40:15.354,85,15,Substitution,155,Spain,From Keeper,Spain,Lamine Yamal Nasraoui Ebana,Right Wing,0.0,3930160,Tactical,Ferrán Torres García,772,772,316046,103,6748,
e4f8a1e9-3dc6-43f7-9c8a-56a1e6526afa,1659,2,00:00:00.000,45,0,Substitution,75,Switzerland,From Goal Kick,Hungary,Ádám Lang,Right Center Back,0.0,3930159,Tactical,Bendegúz Bolla,773,916,3153,103,46789,
0a61b32c-324f-4921-80de-85c2cb93a1b6,2396,2,00:21:25.237,66,25,Substitution,106,Hungary,From Throw In,Hungary,Ádám Nagy,Right Defensive Midfield,0.0,3930159,Tactical,László Kleinheisler,916,916,7162,103,16502,
dd8da167-f8bc-4580-b018-8e50db60ca19,2406,2,00:22:28.746,67,28,Substitution,107,Switzerland,From Kick Off,Switzerland,Kwadwo Duah,Center Forward,0.0,3930159,Tactical,Mohamed Zeki Amdouni,773,773,49007,103,48335,
f84943b5-bb1f-45d0-b5ef-0965922ac60b,2407,2,00:22:43.691,67,43,Substitution,107,Switzerland,From Kick Off,Switzerland,Silvan Widmer,Right Wing Back,0.0,3930159,Tactical,Leonidas Stergiou,773,773,7796,103,29227,
dee8679b-642b-4e3a-95bd-49f8e2dc75fe,2539,2,00:28:05.186,73,5,Substitution,116,Hungary,Regular Play,Switzerland,Ruben Vargas,Left Attacking Midfield,0.0,3930159,Tactical,Breel-Donald Embolo,916,773,30401,103,5545,
4c4b1b56-942c-43c1-92cd-634273a02cb7,2795,2,00:33:44.176,78,44,Substitution,129,Hungary,Regular Play,Hungary,Milos Kerkez,Left Wing Back,0.0,3930159,Tactical,Martin Ádám,916,916,89635,103,264277,
1edb1f07-608e-4be3-b266-d061c0092ab6,2796,2,00:33:54.681,78,54,Substitution,129,Hungary,Regular Play,Hungary,Attila Szalai,Left Center Back,0.0,3930159,Tactical,Márton Dárdai,916,916,46376,103,40920,
cdd21526-f263-4bc4-915a-e6cbe914e48c,3049,2,00:40:08.604,85,8,Substitution,137,Switzerland,From Free Kick,Switzerland,Remo Freuler,Right Defensive Midfield,0.0,3930159,Tactical,Vincent Sierro,773,773,6983,103,11457,
4e30934d-7199-49d2-a3a6-13ae6f8ba992,3050,2,00:40:14.814,85,14,Substitution,137,Switzerland,From Free Kick,Switzerland,Dan Ndoye,Right Attacking Midfield,0.0,3930159,Injury,Fabian Rieder,773,773,45190,102,50436,
fffc160f-65fc-4582-a2c2-d53acf8754a6,1729,2,00:00:00.000,45,0,Substitution,66,Scotland,From Free Kick,Scotland,Che Adams,Right Center Forward,0.0,3930158,Tactical,Grant Campbell Hanley,942,942,9466,103,9481,
2395855c-fd13-4bb4-b1c5-63c3a25248ff,1731,2,00:00:00.000,45,0,Substitution,66,Scotland,From Free Kick,Germany,Robert Andrich,Right Defensive Midfield,0.0,3930158,Tactical,Pascal Groß,942,770,9195,103,3097,
42e3e64a-7b53-42f2-98c7-8f19fb239aa2,2452,2,00:17:02.319,62,2,Substitution,97,Scotland,From Free Kick,Germany,Florian Wirtz,Left Wing,0.0,3930158,Tactical,Leroy Sané,942,770,40724,103,3053,
cf02cf5c-e798-4c3a-882d-036eb674894a,2453,2,00:17:22.403,62,22,Substitution,97,Scotland,From Free Kick,Germany,Kai Havertz,Center Forward,0.0,3930158,Tactical,Niclas Füllkrug,942,770,8966,103,8546,
b6bbd6e5-23b1-4079-9f4d-b4ce867cd310,2539,2,00:21:26.128,66,26,Substitution,105,Scotland,From Goal Kick,Scotland,Callum McGregor,Center Defensive Midfield,0.0,3930158,Tactical,Billy Gilmour,942,942,10534,103,31067,
343a948e-1194-4311-88d8-4dac8abbba75,2540,2,00:21:37.986,66,37,Substitution,105,Scotland,From Goal Kick,Scotland,John McGinn,Left Center Midfield,0.0,3930158,Tactical,Kenneth McLean,942,942,9974,103,9478,
fa00073a-79e6-4d5e-be55-84be20d08d83,2762,2,00:28:16.236,73,16,Substitution,112,Germany,From Throw In,Germany,Jamal Musiala,Left Wing,0.0,3930158,Tactical,Thomas Müller,770,770,39565,103,5562,
264cba0d-4bdd-4f98-8a67-5997fc09a66c,2821,2,00:31:21.486,76,21,Substitution,115,Germany,Regular Play,Scotland,Kieran Tierney,Left Center Back,0.0,3930158,Tactical,Scott McKenna,770,942,10540,103,10002,
9978110b-4c90-4bac-9697-3085af7c146f,2913,2,00:35:02.486,80,2,Substitution,121,Germany,From Corner,Germany,Toni Kroos,Left Defensive Midfield,0.0,3930158,Tactical,Emre Can,770,770,5574,103,3493,
40b3fe92-926c-461f-964d-65ed52733b30,2925,2,00:35:54.594,80,54,Substitution,123,Germany,Regular Play,Scotland,Ryan Christie,Center Forward,0.0,3930158,Tactical,Lawrence Shankland,770,942,12510,103,38169,
